Series,Name,Size,Photo,Features,Tolerances,Temperature Coefficient,Power per Resistor,Resistance Range,MDS,Design Files,Engineering,Buy Now,Datasheet Link,Product Link
CR,CR01005,01005,https://www.bourns.com/images/products/resistive-products/crxxxxx_part.jpg?sfvrsn=bd4d41f6_2,General Purpose,1 %5 %,-200 to +600 ppm±100 ppm±200 ppm±400 ppm,0.03 W,10 Ω to 1 MΩ,https://www.bourns.com/docs/product-mds/cr01005_mds.pdf?sfvrsn=614c41f6_4,https://www.bourns.com/resources/design-tools/engineering-files-list?folder=CR,https://bourns.componentsearchengine.com/entry_u_newDesign.php?mna=Bourns&mpn=CR01005&pna=Bourns&vrq=1&fmt=zip&o3=0&logo=&lang=en-US&epm=0,https://www.bourns.com/inventory-search-results?PARTS=CR01005,https://www.bourns.com/docs/product-datasheets/cr.pdf?sfvrsn=574d41f6_16,https://www.bourns.com/products/resistors/thick-film-chip-resistors/product/CR01005
CR,CR0201,0201,https://www.bourns.com/images/products/resistive-products/crxxxxx_part.jpg?sfvrsn=bd4d41f6_2,General Purpose,1 %5 %,-200 to +600 ppm±100 ppm±200 ppm±400 ppm,0.05 W,1 Ω to 10 MΩ,https://www.bourns.com/docs/Product-MDS/cr0201_mds.pdf?sfvrsn=1a8197f1_6,https://www.bourns.com/resources/design-tools/engineering-files-list?folder=CR,https://bourns.componentsearchengine.com/entry_u_newDesign.php?mna=Bourns&mpn=CR0201&pna=Bourns&vrq=1&fmt=zip&o3=0&logo=&lang=en-US&epm=0,https://www.bourns.com/inventory-search-results?PARTS=CR0201,https://www.bourns.com/docs/product-datasheets/cr.pdf?sfvrsn=574d41f6_16,https://www.bourns.com/products/resistors/thick-film-chip-resistors/product/CR0201
CR,CR0402,0402,https://www.bourns.com/images/products/resistive-products/crxxxxx_part.jpg?sfvrsn=bd4d41f6_2,General Purpose,1 %5 %,-200 to +600 ppm±100 ppm±200 ppm±400 ppm,0.063 W,1 Ω to 20 MΩ,https://www.bourns.com/docs/Product-MDS/cr0402_mds.pdf?sfvrsn=b48197f1_6,https://www.bourns.com/resources/design-tools/engineering-files-list?folder=CR,https://bourns.componentsearchengine.com/entry_u_newDesign.php?mna=Bourns&mpn=CR0402&pna=Bourns&vrq=1&fmt=zip&o3=0&logo=&lang=en-US&epm=0,https://www.bourns.com/inventory-search-results?PARTS=CR0402,https://www.bourns.com/docs/product-datasheets/cr.pdf?sfvrsn=574d41f6_16,https://www.bourns.com/products/resistors/thick-film-chip-resistors/product/CR0402
CR,CR0603,0603,https://www.bourns.com/images/products/resistive-products/crxxxxx_part.jpg?sfvrsn=bd4d41f6_2,General Purpose,1 %5 %,-200 to +600 ppm±100 ppm±200 ppm±400 ppm,0.100 W,1 Ω to 20 MΩ,https://www.bourns.com/docs/Product-MDS/cr0603_mds.pdf?sfvrsn=d79410bf_2,https://www.bourns.com/resources/design-tools/engineering-files-list?folder=CR,https://bourns.componentsearchengine.com/entry_u_newDesign.php?mna=Bourns&mpn=CR0603&pna=Bourns&vrq=1&fmt=zip&o3=0&logo=&lang=en-US&epm=0,https://www.bourns.com/inventory-search-results?PARTS=CR0603,https://www.bourns.com/docs/product-datasheets/cr.pdf?sfvrsn=574d41f6_16,https://www.bourns.com/products/resistors/thick-film-chip-resistors/product/CR0603
CR,CR0805,0805,https://www.bourns.com/images/products/resistive-products/crxxxxx_part.jpg?sfvrsn=bd4d41f6_2,General Purpose,1 %5 %,-200 to +600 ppm±100 ppm±200 ppm±400 ppm,0.125 W,1 Ω to 20 MΩ,https://www.bourns.com/docs/product-mds/cr0805_mds.pdf?sfvrsn=72590b36_4,https://www.bourns.com/resources/design-tools/engineering-files-list?folder=CR,https://bourns.componentsearchengine.com/entry_u_newDesign.php?mna=Bourns&mpn=CR0805&pna=Bourns&vrq=1&fmt=zip&o3=0&logo=&lang=en-US&epm=0,https://www.bourns.com/inventory-search-results?PARTS=CR0805,https://www.bourns.com/docs/product-datasheets/cr.pdf?sfvrsn=574d41f6_16,https://www.bourns.com/products/resistors/thick-film-chip-resistors/product/CR0805
CR,CR1206,1206,https://www.bourns.com/images/products/resistive-products/crxxxxx_part.jpg?sfvrsn=bd4d41f6_2,General Purpose,1 %5 %,-200 to +600 ppm±100 ppm±200 ppm±400 ppm,0.250 W,1 Ω to 20 MΩ,https://www.bourns.com/docs/product-mds/cr1206_mds.pdf?sfvrsn=32aaee02_4,https://www.bourns.com/resources/design-tools/engineering-files-list?folder=CR,https://bourns.componentsearchengine.com/entry_u_newDesign.php?mna=Bourns&mpn=CR1206&pna=Bourns&vrq=1&fmt=zip&o3=0&logo=&lang=en-US&epm=0,https://www.bourns.com/inventory-search-results?PARTS=CR1206,https://www.bourns.com/docs/product-datasheets/cr.pdf?sfvrsn=574d41f6_16,https://www.bourns.com/products/resistors/thick-film-chip-resistors/product/CR1206
CR,CR2010,2010,https://www.bourns.com/images/products/resistive-products/crxxxxx_part.jpg?sfvrsn=bd4d41f6_2,General Purpose,1 %5 %,-200 to +600 ppm±100 ppm±200 ppm±400 ppm,0.5 W,1 Ω to 20 MΩ,https://www.bourns.com/docs/Product-MDS/cr2010_mds.pdf?sfvrsn=f78197f1_6,https://www.bourns.com/resources/design-tools/engineering-files-list?folder=CR,https://bourns.componentsearchengine.com/entry_u_newDesign.php?mna=Bourns&mpn=CR2010&pna=Bourns&vrq=1&fmt=zip&o3=0&logo=&lang=en-US&epm=0,https://www.bourns.com/inventory-search-results?PARTS=CR2010,https://www.bourns.com/docs/product-datasheets/cr.pdf?sfvrsn=574d41f6_16,https://www.bourns.com/products/resistors/thick-film-chip-resistors/product/CR2010
CR,CR2512,2512,https://www.bourns.com/images/products/resistive-products/crxxxxx_part.jpg?sfvrsn=bd4d41f6_2,General Purpose,1 %5 %,-200 to +600 ppm±100 ppm±200 ppm±400 ppm,1 W,1 Ω to 20 MΩ,https://www.bourns.com/docs/Product-MDS/cr2512_mds.pdf?sfvrsn=ad06fc8b_2,https://www.bourns.com/resources/design-tools/engineering-files-list?folder=CR,https://bourns.componentsearchengine.com/entry_u_newDesign.php?mna=Bourns&mpn=CR2512&pna=Bourns&vrq=1&fmt=zip&o3=0&logo=&lang=en-US&epm=0,https://www.bourns.com/inventory-search-results?PARTS=CR2512,https://www.bourns.com/docs/product-datasheets/cr.pdf?sfvrsn=574d41f6_16,https://www.bourns.com/products/resistors/thick-film-chip-resistors/product/CR2512
CR-A,CR0201A,0201,https://www.bourns.com/images/products/resistive-products/crxxxxa_part.jpg?sfvrsn=369441f6_2,"General Purpose
AEC-Q200 Compliant",1 %5 %,-200 to +600 ppm±100 ppm±200 ppm±400 ppm,0.05 W,1 Ω to 10 MΩ,https://www.bourns.com/docs/product-mds/cr0201a_mds.pdf?sfvrsn=e09541f6_4,https://www.bourns.com/resources/design-tools/engineering-files-list?folder=CR-A,https://bourns.componentsearchengine.com/entry_u_newDesign.php?mna=Bourns&mpn=CR0201A&pna=Bourns&vrq=1&fmt=zip&o3=0&logo=&lang=en-US&epm=0,https://www.bourns.com/inventory-search-results?PARTS=CR0201A,https://www.bourns.com/docs/product-datasheets/cr-a.pdf?sfvrsn=2c9541f6_10,https://www.bourns.com/products/resistors/thick-film-chip-resistors/product/CR0201A
CR-A,CR0402A,0402,https://www.bourns.com/images/products/resistive-products/crxxxxa_part.jpg?sfvrsn=369441f6_2,"General Purpose
AEC-Q200 Compliant",1 %5 %,-200 to +600 ppm±100 ppm±200 ppm±400 ppm,0.063 W,1 Ω to 20 MΩ,https://www.bourns.com/docs/product-mds/cr0402a_mds.pdf?sfvrsn=f69541f6_4,https://www.bourns.com/resources/design-tools/engineering-files-list?folder=CR-A,https://bourns.componentsearchengine.com/entry_u_newDesign.php?mna=Bourns&mpn=CR0402A&pna=Bourns&vrq=1&fmt=zip&o3=0&logo=&lang=en-US&epm=0,https://www.bourns.com/inventory-search-results?PARTS=CR0402A,https://www.bourns.com/docs/product-datasheets/cr-a.pdf?sfvrsn=2c9541f6_10,https://www.bourns.com/products/resistors/thick-film-chip-resistors/product/CR0402A
CR-A,CR0603A,0603,https://www.bourns.com/images/products/resistive-products/crxxxxa_part.jpg?sfvrsn=369441f6_2,"General Purpose
AEC-Q200 Compliant",1 %5 %,-200 to +600 ppm±100 ppm±200 ppm±400 ppm,0.1 W,1 Ω to 20 MΩ,https://www.bourns.com/docs/product-mds/cr0603a_mds.pdf?sfvrsn=e59541f6_4,https://www.bourns.com/resources/design-tools/engineering-files-list?folder=CR-A,https://bourns.componentsearchengine.com/entry_u_newDesign.php?mna=Bourns&mpn=CR0603A&pna=Bourns&vrq=1&fmt=zip&o3=0&logo=&lang=en-US&epm=0,https://www.bourns.com/inventory-search-results?PARTS=CR0603A,https://www.bourns.com/docs/product-datasheets/cr-a.pdf?sfvrsn=2c9541f6_10,https://www.bourns.com/products/resistors/thick-film-chip-resistors/product/CR0603A
CR-A,CR0805A,0805,https://www.bourns.com/images/products/resistive-products/crxxxxa_part.jpg?sfvrsn=369441f6_2,"General Purpose
AEC-Q200 Compliant",1 %5 %,-200 to +600 ppm±100 ppm±200 ppm±400 ppm,0.125 W,1 Ω to 20 MΩ,https://www.bourns.com/docs/product-mds/cr0805a_mds.pdf?sfvrsn=fb9541f6_4,https://www.bourns.com/resources/design-tools/engineering-files-list?folder=CR-A,https://bourns.componentsearchengine.com/entry_u_newDesign.php?mna=Bourns&mpn=CR0805A&pna=Bourns&vrq=1&fmt=zip&o3=0&logo=&lang=en-US&epm=0,https://www.bourns.com/inventory-search-results?PARTS=CR0805A,https://www.bourns.com/docs/product-datasheets/cr-a.pdf?sfvrsn=2c9541f6_10,https://www.bourns.com/products/resistors/thick-film-chip-resistors/product/CR0805A
CR-A,CR1206A,1206,https://www.bourns.com/images/products/resistive-products/crxxxxa_part.jpg?sfvrsn=369441f6_2,"General Purpose
AEC-Q200 Compliant",1 %5 %,-200 to +600 ppm±100 ppm±200 ppm±400 ppm,0.25 W,1 Ω to 20 MΩ,https://www.bourns.com/docs/product-mds/cr1206a_mds.pdf?sfvrsn=cc9541f6_4,https://www.bourns.com/resources/design-tools/engineering-files-list?folder=CR-A,https://bourns.componentsearchengine.com/entry_u_newDesign.php?mna=Bourns&mpn=CR1206A&pna=Bourns&vrq=1&fmt=zip&o3=0&logo=&lang=en-US&epm=0,https://www.bourns.com/inventory-search-results?PARTS=CR1206A,https://www.bourns.com/docs/product-datasheets/cr-a.pdf?sfvrsn=2c9541f6_10,https://www.bourns.com/products/resistors/thick-film-chip-resistors/product/CR1206A
CR-A,CR1210A,1210,https://www.bourns.com/images/products/resistive-products/crxxxxa_part.jpg?sfvrsn=369441f6_2,"General Purpose
AEC-Q200 Compliant",1 %5 %,-200 to +600 ppm±100 ppm±200 ppm±400 ppm,0.33 W,1 Ω to 20 MΩ,https://www.bourns.com/docs/product-mds/cr1210a_mds.pdf?sfvrsn=c79541f6_4,https://www.bourns.com/resources/design-tools/engineering-files-list?folder=CR-A,https://bourns.componentsearchengine.com/entry_u_newDesign.php?mna=Bourns&mpn=CR1210A&pna=Bourns&vrq=1&fmt=zip&o3=0&logo=&lang=en-US&epm=0,https://www.bourns.com/inventory-search-results?PARTS=CR1210A,https://www.bourns.com/docs/product-datasheets/cr-a.pdf?sfvrsn=2c9541f6_10,https://www.bourns.com/products/resistors/thick-film-chip-resistors/product/CR1210A
CR-A,CR2010A,2010,https://www.bourns.com/images/products/resistive-products/crxxxxa_part.jpg?sfvrsn=369441f6_2,"General Purpose
AEC-Q200 Compliant",1 %5 %,-200 to +600 ppm±100 ppm±200 ppm±400 ppm,0.5 W,1 Ω to 20 MΩ,https://www.bourns.com/docs/product-mds/cr2010a_mds.pdf?sfvrsn=f19541f6_4,https://www.bourns.com/resources/design-tools/engineering-files-list?folder=CR-A,https://bourns.componentsearchengine.com/entry_u_newDesign.php?mna=Bourns&mpn=CR2010A&pna=Bourns&vrq=1&fmt=zip&o3=0&logo=&lang=en-US&epm=0,https://www.bourns.com/inventory-search-results?PARTS=CR2010A,https://www.bourns.com/docs/product-datasheets/cr-a.pdf?sfvrsn=2c9541f6_10,https://www.bourns.com/products/resistors/thick-film-chip-resistors/product/CR2010A
CR-A,CR2512A,2512,https://www.bourns.com/images/products/resistive-products/crxxxxa_part.jpg?sfvrsn=369441f6_2,"General Purpose
AEC-Q200 Compliant",1 %5 %,-200 to +600 ppm±100 ppm±200 ppm±400 ppm,1 W,1 Ω to 20 MΩ,https://www.bourns.com/docs/product-mds/cr2512a_mds.pdf?sfvrsn=ea9541f6_4,https://www.bourns.com/resources/design-tools/engineering-files-list?folder=CR-A,https://bourns.componentsearchengine.com/entry_u_newDesign.php?mna=Bourns&mpn=CR2512A&pna=Bourns&vrq=1&fmt=zip&o3=0&logo=&lang=en-US&epm=0,https://www.bourns.com/inventory-search-results?PARTS=CR2512A,https://www.bourns.com/docs/product-datasheets/cr-a.pdf?sfvrsn=2c9541f6_10,https://www.bourns.com/products/resistors/thick-film-chip-resistors/product/CR2512A
CR-A-AS,CR0201A-AS,0201,https://www.bourns.com/images/products/resistive-products/crxxxxa_as_part.jpg?sfvrsn=ad2741f6_0,"Sulfur-Resistant
AEC-Q200 Compliant",1 %5 %,-200 to +600 ppm±100 ppm±200 ppm±400 ppm,0.05 W,1 Ω to 10 MΩ,https://www.bourns.com/docs/product-mds/cr0201a-as_mds.pdf?sfvrsn=255578f6_4,https://www.bourns.com/resources/design-tools/engineering-files-list?folder=CR-A-AS,https://bourns.componentsearchengine.com/entry_u_newDesign.php?mna=Bourns&mpn=CR0201A-AS&pna=Bourns&vrq=1&fmt=zip&o3=0&logo=&lang=en-US&epm=0,https://www.bourns.com/inventory-search-results?PARTS=CR0201A-AS,https://www.bourns.com/docs/product-datasheets/cr-a-as.pdf?sfvrsn=5f5578f6_20,https://www.bourns.com/products/resistors/thick-film-chip-resistors/product/CR0201A-AS
CR-A-AS,CR0402A-AS,0402,https://www.bourns.com/images/products/resistive-products/crxxxxa_as_part.jpg?sfvrsn=ad2741f6_0,"Sulfur-Resistant
AEC-Q200 Compliant",1 %5 %,-200 to +600 ppm±100 ppm±200 ppm±400 ppm,0.063 W,1 Ω to 20 MΩ,https://www.bourns.com/docs/product-mds/cr0402a-as_mds.pdf?sfvrsn=c5578f6_6,https://www.bourns.com/resources/design-tools/engineering-files-list?folder=CR-A-AS,https://bourns.componentsearchengine.com/entry_u_newDesign.php?mna=Bourns&mpn=CR0402A-AS&pna=Bourns&vrq=1&fmt=zip&o3=0&logo=&lang=en-US&epm=0,https://www.bourns.com/inventory-search-results?PARTS=CR0402A-AS,https://www.bourns.com/docs/product-datasheets/cr-a-as.pdf?sfvrsn=5f5578f6_20,https://www.bourns.com/products/resistors/thick-film-chip-resistors/product/CR0402A-AS
CR-A-AS,CR0603A-AS,0603,https://www.bourns.com/images/products/resistive-products/crxxxxa_as_part.jpg?sfvrsn=ad2741f6_0,"Sulfur-Resistant
AEC-Q200 Compliant",1 %5 %,-200 to +600 ppm±100 ppm±200 ppm±400 ppm,0.1 W,1 Ω to 20 MΩ,https://www.bourns.com/docs/product-mds/cr0603a-as_mds.pdf?sfvrsn=315578f6_4,https://www.bourns.com/resources/design-tools/engineering-files-list?folder=CR-A-AS,https://bourns.componentsearchengine.com/entry_u_newDesign.php?mna=Bourns&mpn=CR0603A-AS&pna=Bourns&vrq=1&fmt=zip&o3=0&logo=&lang=en-US&epm=0,https://www.bourns.com/inventory-search-results?PARTS=CR0603A-AS,https://www.bourns.com/docs/product-datasheets/cr-a-as.pdf?sfvrsn=5f5578f6_20,https://www.bourns.com/products/resistors/thick-film-chip-resistors/product/CR0603A-AS
CR-A-AS,CR0805A-AS,0805,https://www.bourns.com/images/products/resistive-products/crxxxxa_as_part.jpg?sfvrsn=ad2741f6_0,"Sulfur-Resistant
AEC-Q200 Compliant",1 %5 %,-200 to +600 ppm±100 ppm±200 ppm±400 ppm,0.125 W,1 Ω to 20 MΩ,https://www.bourns.com/docs/product-mds/cr0805a-as_mds.pdf?sfvrsn=3b5578f6_4,https://www.bourns.com/resources/design-tools/engineering-files-list?folder=CR-A-AS,https://bourns.componentsearchengine.com/entry_u_newDesign.php?mna=Bourns&mpn=CR0805A-AS&pna=Bourns&vrq=1&fmt=zip&o3=0&logo=&lang=en-US&epm=0,https://www.bourns.com/inventory-search-results?PARTS=CR0805A-AS,https://www.bourns.com/docs/product-datasheets/cr-a-as.pdf?sfvrsn=5f5578f6_20,https://www.bourns.com/products/resistors/thick-film-chip-resistors/product/CR0805A-AS
CR-A-AS,CR1206A-AS,1206,https://www.bourns.com/images/products/resistive-products/crxxxxa_as_part.jpg?sfvrsn=ad2741f6_0,"Sulfur-Resistant
AEC-Q200 Compliant",1 %5 %,-200 to +600 ppm±100 ppm±200 ppm±400 ppm,0.25 W,1 Ω to 20 MΩ,https://www.bourns.com/docs/product-mds/cr1206a-as_mds.pdf?sfvrsn=25578f6_6,https://www.bourns.com/resources/design-tools/engineering-files-list?folder=CR-A-AS,https://bourns.componentsearchengine.com/entry_u_newDesign.php?mna=Bourns&mpn=CR1206A-AS&pna=Bourns&vrq=1&fmt=zip&o3=0&logo=&lang=en-US&epm=0,https://www.bourns.com/inventory-search-results?PARTS=CR1206A-AS,https://www.bourns.com/docs/product-datasheets/cr-a-as.pdf?sfvrsn=5f5578f6_20,https://www.bourns.com/products/resistors/thick-film-chip-resistors/product/CR1206A-AS
CR-A-AS,CR1210A-AS,1210,https://www.bourns.com/images/products/resistive-products/crxxxxa_as_part.jpg?sfvrsn=ad2741f6_0,"Sulfur-Resistant
AEC-Q200 Compliant",1 %5 %,-200 to +600 ppm±100 ppm±200 ppm±400 ppm,0.33 W,1 Ω to 20 MΩ,https://www.bourns.com/docs/product-mds/cr1210a-as_mds.pdf?sfvrsn=205578f6_4,https://www.bourns.com/resources/design-tools/engineering-files-list?folder=CR-A-AS,https://bourns.componentsearchengine.com/entry_u_newDesign.php?mna=Bourns&mpn=CR1210A-AS&pna=Bourns&vrq=1&fmt=zip&o3=0&logo=&lang=en-US&epm=0,https://www.bourns.com/inventory-search-results?PARTS=CR1210A-AS,https://www.bourns.com/docs/product-datasheets/cr-a-as.pdf?sfvrsn=5f5578f6_20,https://www.bourns.com/products/resistors/thick-film-chip-resistors/product/CR1210A-AS
CR-A-AS,CR2010A-AS,2010,https://www.bourns.com/images/products/resistive-products/crxxxxa_as_part.jpg?sfvrsn=ad2741f6_0,"Sulfur-Resistant
AEC-Q200 Compliant",1 %5 %,-200 to +600 ppm±100 ppm±200 ppm±400 ppm,0.5 W,1 Ω to 20 MΩ,https://www.bourns.com/docs/product-mds/cr2010a-as_mds.pdf?sfvrsn=365578f6_4,https://www.bourns.com/resources/design-tools/engineering-files-list?folder=CR-A-AS,https://bourns.componentsearchengine.com/entry_u_newDesign.php?mna=Bourns&mpn=CR2010A-AS&pna=Bourns&vrq=1&fmt=zip&o3=0&logo=&lang=en-US&epm=0,https://www.bourns.com/inventory-search-results?PARTS=CR2010A-AS,https://www.bourns.com/docs/product-datasheets/cr-a-as.pdf?sfvrsn=5f5578f6_20,https://www.bourns.com/products/resistors/thick-film-chip-resistors/product/CR2010A-AS
CR-A-AS,CR2512A-AS,2512,https://www.bourns.com/images/products/resistive-products/crxxxxa_as_part.jpg?sfvrsn=ad2741f6_0,"Sulfur-Resistant
AEC-Q200 Compliant",1 %5 %,-200 to +600 ppm±100 ppm±200 ppm±400 ppm,1 W,1 Ω to 20 MΩ,https://www.bourns.com/docs/product-mds/cr2512a-as_mds.pdf?sfvrsn=75578f6_4,https://www.bourns.com/resources/design-tools/engineering-files-list?folder=CR-A-AS,https://bourns.componentsearchengine.com/entry_u_newDesign.php?mna=Bourns&mpn=CR2512A-AS&pna=Bourns&vrq=1&fmt=zip&o3=0&logo=&lang=en-US&epm=0,https://www.bourns.com/inventory-search-results?PARTS=CR2512A-AS,https://www.bourns.com/docs/product-datasheets/cr-a-as.pdf?sfvrsn=5f5578f6_20,https://www.bourns.com/products/resistors/thick-film-chip-resistors/product/CR2512A-AS
CR-PF,CR0402-PF,0402,https://www.bourns.com/images/products/resistive-products/cr-pf_part.jpg?sfvrsn=77476f6_4,"General Purpose
Ultra-low lead (Pb) content
RoHS compliant without exemptions",1 %5 %,±100 ppm±200 ppm±400 ppm–200 to +500 ppm,0.063 W,1 Ω to 10 MΩ,https://www.bourns.com/docs/product-mds/cr0402-pf_10-100ohms_mds.pdf?sfvrsn=f07476f6_8,https://www.bourns.com/resources/design-tools/engineering-files-list?folder=CR-PF,https://bourns.componentsearchengine.com/entry_u_newDesign.php?mna=Bourns&mpn=CR0402-PF&pna=Bourns&vrq=1&fmt=zip&o3=0&logo=&lang=en-US&epm=0,https://www.bourns.com/inventory-search-results?PARTS=CR0402-PF,https://www.bourns.com/docs/product-datasheets/cr-pf.pdf?sfvrsn=ea7476f6_10,https://www.bourns.com/products/resistors/thick-film-chip-resistors/product/CR0402-PF
CR-PF,CR0603-PF,0603,https://www.bourns.com/images/products/resistive-products/cr-pf_part.jpg?sfvrsn=77476f6_4,"General Purpose
Ultra-low lead (Pb) content
RoHS compliant without exemptions",1 %5 %,±100 ppm±200 ppm±400 ppm–200 to +500 ppm,0.1 W,1 Ω to 10 MΩ,https://www.bourns.com/docs/product-mds/cr0603-pf_10-100ohms_mds.pdf?sfvrsn=d27476f6_8,https://www.bourns.com/resources/design-tools/engineering-files-list?folder=CR-PF,https://bourns.componentsearchengine.com/entry_u_newDesign.php?mna=Bourns&mpn=CR0603-PF&pna=Bourns&vrq=1&fmt=zip&o3=0&logo=&lang=en-US&epm=0,https://www.bourns.com/inventory-search-results?PARTS=CR0603-PF,https://www.bourns.com/docs/product-datasheets/cr-pf.pdf?sfvrsn=ea7476f6_10,https://www.bourns.com/products/resistors/thick-film-chip-resistors/product/CR0603-PF
CR-PF,CR0805-PF,0805,https://www.bourns.com/images/products/resistive-products/cr-pf_part.jpg?sfvrsn=77476f6_4,"General Purpose
Ultra-low lead (Pb) content
RoHS compliant without exemptions",1 %5 %,±100 ppm±200 ppm±400 ppm–200 to +500 ppm,0.125 W,1 Ω to 10 MΩ,https://www.bourns.com/docs/product-mds/cr0805-pf_10-100ohms_mds.pdf?sfvrsn=cb7476f6_8,https://www.bourns.com/resources/design-tools/engineering-files-list?folder=CR-PF,https://bourns.componentsearchengine.com/entry_u_newDesign.php?mna=Bourns&mpn=CR0805-PF&pna=Bourns&vrq=1&fmt=zip&o3=0&logo=&lang=en-US&epm=0,https://www.bourns.com/inventory-search-results?PARTS=CR0805-PF,https://www.bourns.com/docs/product-datasheets/cr-pf.pdf?sfvrsn=ea7476f6_10,https://www.bourns.com/products/resistors/thick-film-chip-resistors/product/CR0805-PF
CR-PF,CR1206-PF,1206,https://www.bourns.com/images/products/resistive-products/cr-pf_part.jpg?sfvrsn=77476f6_4,"General Purpose
Ultra-low lead (Pb) content
RoHS compliant without exemptions",1 %5 %,±100 ppm±200 ppm±400 ppm–200 to +500 ppm,0.25 W,1 Ω to 10 MΩ,https://www.bourns.com/docs/product-mds/cr1206-pf_10-100ohms_mds.pdf?sfvrsn=c17476f6_8,https://www.bourns.com/resources/design-tools/engineering-files-list?folder=CR-PF,https://bourns.componentsearchengine.com/entry_u_newDesign.php?mna=Bourns&mpn=CR1206-PF&pna=Bourns&vrq=1&fmt=zip&o3=0&logo=&lang=en-US&epm=0,https://www.bourns.com/inventory-search-results?PARTS=CR1206-PF,https://www.bourns.com/docs/product-datasheets/cr-pf.pdf?sfvrsn=ea7476f6_10,https://www.bourns.com/products/resistors/thick-film-chip-resistors/product/CR1206-PF
CRL,CRL0603,0603,https://www.bourns.com/images/products/resistive-products/crl0805_part.jpg?sfvrsn=100866f6_4,"Low Resistance
Standard Power",1 %5 %,±200 ppm±400 ppm±600 ppm,0.1 W,100 mΩ to 910 mΩ,https://www.bourns.com/docs/product-mds/crl0603-(0.1-0.91ω)-mds.pdf?sfvrsn=f3015ff6_4,https://www.bourns.com/resources/design-tools/engineering-files-list?folder=CRL,https://bourns.componentsearchengine.com/entry_u_newDesign.php?mna=Bourns&mpn=CRL0603&pna=Bourns&vrq=1&fmt=zip&o3=0&logo=&lang=en-US&epm=0,https://www.bourns.com/inventory-search-results?PARTS=CRL0603,https://www.bourns.com/docs/product-datasheets/crl.pdf?sfvrsn=3cdfcbc4_31,https://www.bourns.com/products/resistors/thick-film-chip-resistors/product/CRL0603
CRL,CRL0805,0805,https://www.bourns.com/images/products/resistive-products/crl0805_part.jpg?sfvrsn=100866f6_4,"Low Resistance
Standard Power",1 %5 %,±200 ppm±400 ppm±600 ppm,0.125 W,100 mΩ to 910 mΩ,https://www.bourns.com/docs/product-mds/crl0805-(0.1-0.91ω)-mds.pdf?sfvrsn=d7015ff6_4,https://www.bourns.com/resources/design-tools/engineering-files-list?folder=CRL,https://bourns.componentsearchengine.com/entry_u_newDesign.php?mna=Bourns&mpn=CRL0805&pna=Bourns&vrq=1&fmt=zip&o3=0&logo=&lang=en-US&epm=0,https://www.bourns.com/inventory-search-results?PARTS=CRL0805,https://www.bourns.com/docs/product-datasheets/crl.pdf?sfvrsn=3cdfcbc4_31,https://www.bourns.com/products/resistors/thick-film-chip-resistors/product/CRL0805
CRL,CRL1206,1206,https://www.bourns.com/images/products/resistive-products/crl0805_part.jpg?sfvrsn=100866f6_4,"Low Resistance
Standard Power",1 %5 %,±200 ppm±400 ppm±600 ppm,0.25 W,100 mΩ to 910 mΩ,https://www.bourns.com/docs/product-mds/crl1206-(0.1-0.91ω)-mds.pdf?sfvrsn=95015ff6_4,https://www.bourns.com/resources/design-tools/engineering-files-list?folder=CRL,https://bourns.componentsearchengine.com/entry_u_newDesign.php?mna=Bourns&mpn=CRL1206&pna=Bourns&vrq=1&fmt=zip&o3=0&logo=&lang=en-US&epm=0,https://www.bourns.com/inventory-search-results?PARTS=CRL1206,https://www.bourns.com/docs/product-datasheets/crl.pdf?sfvrsn=3cdfcbc4_31,https://www.bourns.com/products/resistors/thick-film-chip-resistors/product/CRL1206
CRL,CRL2010,2010,https://www.bourns.com/images/products/resistive-products/crl0805_part.jpg?sfvrsn=100866f6_4,"Low Resistance
Standard Power",1 %5 %,±200 ppm±400 ppm±600 ppm,0.5 W,100 mΩ to 910 mΩ,https://www.bourns.com/docs/product-mds/crl2010-(0.1-0.91ω)-mds.pdf?sfvrsn=d0015ff6_4,https://www.bourns.com/resources/design-tools/engineering-files-list?folder=CRL,https://bourns.componentsearchengine.com/entry_u_newDesign.php?mna=Bourns&mpn=CRL2010&pna=Bourns&vrq=1&fmt=zip&o3=0&logo=&lang=en-US&epm=0,https://www.bourns.com/inventory-search-results?PARTS=CRL2010,https://www.bourns.com/docs/product-datasheets/crl.pdf?sfvrsn=3cdfcbc4_31,https://www.bourns.com/products/resistors/thick-film-chip-resistors/product/CRL2010
CRL,CRL2512,2512,https://www.bourns.com/images/products/resistive-products/crl0805_part.jpg?sfvrsn=100866f6_4,"Low Resistance
Standard Power",1 %5 %,±200 ppm±400 ppm±600 ppm,1 W,100 mΩ to 910 mΩ,https://www.bourns.com/docs/product-mds/crl2512-(0-1-0-91ω)-mds.pdf?sfvrsn=4eb51f6_7,https://www.bourns.com/resources/design-tools/engineering-files-list?folder=CRL,https://bourns.componentsearchengine.com/entry_u_newDesign.php?mna=Bourns&mpn=CRL2512&pna=Bourns&vrq=1&fmt=zip&o3=0&logo=&lang=en-US&epm=0,https://www.bourns.com/inventory-search-results?PARTS=CRL2512,https://www.bourns.com/docs/product-datasheets/crl.pdf?sfvrsn=3cdfcbc4_31,https://www.bourns.com/products/resistors/thick-film-chip-resistors/product/CRL2512
CRM,CRM0805,0805,https://www.bourns.com/images/products/resistive-products/crm0805_part.jpg?sfvrsn=ed0866f6_4,"High Power
Current Sense",1 %5 %,±100 ppm±150 ppm±200 ppm,0.25 W,47 mΩ to 1 MΩ,https://www.bourns.com/docs/product-mds/crm0805_mds_under_1ohm.pdf?sfvrsn=d78197f1_16,https://www.bourns.com/resources/design-tools/engineering-files-list?folder=CRM0805_1206_2010,https://bourns.componentsearchengine.com/entry_u_newDesign.php?mna=Bourns&mpn=CRM0805&pna=Bourns&vrq=1&fmt=zip&o3=0&logo=&lang=en-US&epm=0,https://www.bourns.com/inventory-search-results?PARTS=CRM0805,https://www.bourns.com/docs/product-datasheets/crm0805_1206_2010.pdf?sfvrsn=a50d66f6_11,https://www.bourns.com/products/resistors/thick-film-chip-resistors/product/CRM0805
CRM,CRM1206,1206,https://www.bourns.com/images/products/resistive-products/crm0805_part.jpg?sfvrsn=ed0866f6_4,"High Power
Current Sense",1 %5 %,±100 ppm±150 ppm±200 ppm,0.5 W,47 mΩ to 1 MΩ,https://www.bourns.com/docs/product-mds/crm1206_mds_under_1ohm.pdf?sfvrsn=8a8197f1_14,https://www.bourns.com/resources/design-tools/engineering-files-list?folder=CRM0805_1206_2010,https://bourns.componentsearchengine.com/entry_u_newDesign.php?mna=Bourns&mpn=CRM1206&pna=Bourns&vrq=1&fmt=zip&o3=0&logo=&lang=en-US&epm=0,https://www.bourns.com/inventory-search-results?PARTS=CRM1206,https://www.bourns.com/docs/product-datasheets/crm0805_1206_2010.pdf?sfvrsn=a50d66f6_11,https://www.bourns.com/products/resistors/thick-film-chip-resistors/product/CRM1206
CRM,CRM2010,2010,https://www.bourns.com/images/products/resistive-products/crm0805_part.jpg?sfvrsn=ed0866f6_4,"High Power
Current Sense",1 %5 %,±100 ppm±150 ppm±200 ppm,1 W,47 mΩ to 1 MΩ,https://www.bourns.com/docs/product-mds/crm2010_under_1ohm.pdf?sfvrsn=be8197f1_18,https://www.bourns.com/resources/design-tools/engineering-files-list?folder=CRM0805_1206_2010,https://bourns.componentsearchengine.com/entry_u_newDesign.php?mna=Bourns&mpn=CRM2010&pna=Bourns&vrq=1&fmt=zip&o3=0&logo=&lang=en-US&epm=0,https://www.bourns.com/inventory-search-results?PARTS=CRM2010,https://www.bourns.com/docs/product-datasheets/crm0805_1206_2010.pdf?sfvrsn=a50d66f6_11,https://www.bourns.com/products/resistors/thick-film-chip-resistors/product/CRM2010
CRM,CRM2512,2512,https://www.bourns.com/images/products/resistive-products/crm0805_part.jpg?sfvrsn=ed0866f6_4,"High Power
Current Sense",1 %5 %,±100 ppm±150 ppm±200 ppm,2 W,47 mΩ to 1 MΩ,https://www.bourns.com/docs/product-mds/crm2512_under_1ohm_mds.pdf?sfvrsn=6c7c55f6_4,https://www.bourns.com/resources/design-tools/engineering-files-list?folder=CRM,https://bourns.componentsearchengine.com/entry_u_newDesign.php?mna=Bourns&mpn=CRM2512&pna=Bourns&vrq=1&fmt=zip&o3=0&logo=&lang=en-US&epm=0,https://www.bourns.com/inventory-search-results?PARTS=CRM2512,https://www.bourns.com/docs/product-datasheets/crm.pdf?sfvrsn=580c66f6_12,https://www.bourns.com/products/resistors/thick-film-chip-resistors/product/CRM2512
CRM-A,CRM0603A,0603,https://www.bourns.com/images/products/resistive-products/crm-a_part.jpg?sfvrsn=d3c74f6_4,"High Power
Current Sense
Anti Sulfur
AEC-Q200 compliant",0.5 %1 %5 %,±100 ppm±150 ppm±200 ppm±250 ppm,0.125 W,50 mΩ to 1 MΩ,https://www.bourns.com/docs/product-mds/crm0603-a_mds.pdf?sfvrsn=b53a74f6_4,https://www.bourns.com/resources/design-tools/engineering-files-list?folder=CRM-A,https://bourns.componentsearchengine.com/entry_u_newDesign.php?mna=Bourns&mpn=CRM0603A&pna=Bourns&vrq=1&fmt=zip&o3=0&logo=&lang=en-US&epm=0,https://www.bourns.com/inventory-search-results?PARTS=CRM0603A,https://www.bourns.com/docs/product-datasheets/crm-a.pdf?sfvrsn=353a74f6_16,https://www.bourns.com/products/resistors/thick-film-chip-resistors/product/CRM0603A
CRM-A,CRM0805A,0805,https://www.bourns.com/images/products/resistive-products/crm-a_part.jpg?sfvrsn=d3c74f6_4,"High Power
Current Sense
Anti Sulfur
AEC-Q200 compliant",0.5 %1 %5 %,±100 ppm±150 ppm±200 ppm±250 ppm,0.25 W,50 mΩ to 1 MΩ,https://www.bourns.com/docs/product-mds/crm0805-a_mds.pdf?sfvrsn=6d3d74f6_4,https://www.bourns.com/resources/design-tools/engineering-files-list?folder=CRM-A,https://bourns.componentsearchengine.com/entry_u_newDesign.php?mna=Bourns&mpn=CRM0805A&pna=Bourns&vrq=1&fmt=zip&o3=0&logo=&lang=en-US&epm=0,https://www.bourns.com/inventory-search-results?PARTS=CRM0805A,https://www.bourns.com/docs/product-datasheets/crm-a.pdf?sfvrsn=353a74f6_16,https://www.bourns.com/products/resistors/thick-film-chip-resistors/product/CRM0805A
CRM-A,CRM1206A,1206,https://www.bourns.com/images/products/resistive-products/crm-a_part.jpg?sfvrsn=d3c74f6_4,"High Power
Current Sense
Anti Sulfur
AEC-Q200 compliant",0.5 %1 %5 %,±100 ppm±150 ppm±200 ppm±250 ppm,0.5 W,50 mΩ to 1 MΩ,https://www.bourns.com/docs/product-mds/crm1206-a_mds.pdf?sfvrsn=923a74f6_6,https://www.bourns.com/resources/design-tools/engineering-files-list?folder=CRM-A,https://bourns.componentsearchengine.com/entry_u_newDesign.php?mna=Bourns&mpn=CRM1206A&pna=Bourns&vrq=1&fmt=zip&o3=0&logo=&lang=en-US&epm=0,https://www.bourns.com/inventory-search-results?PARTS=CRM1206A,https://www.bourns.com/docs/product-datasheets/crm-a.pdf?sfvrsn=353a74f6_16,https://www.bourns.com/products/resistors/thick-film-chip-resistors/product/CRM1206A
CRM-A,CRM1210A,1210,https://www.bourns.com/images/products/resistive-products/crm-a_part.jpg?sfvrsn=d3c74f6_4,"High Power
Current Sense
Anti Sulfur
AEC-Q200 compliant",0.5 %1 %5 %,±100 ppm±150 ppm±200 ppm±250 ppm,0.5 W,50 mΩ to 1 MΩ,https://www.bourns.com/docs/product-mds/crm1210-a_mds.pdf?sfvrsn=231e74f6_6,https://www.bourns.com/resources/design-tools/engineering-files-list?folder=CRM-A,https://bourns.componentsearchengine.com/entry_u_newDesign.php?mna=Bourns&mpn=CRM1210A&pna=Bourns&vrq=1&fmt=zip&o3=0&logo=&lang=en-US&epm=0,https://www.bourns.com/inventory-search-results?PARTS=CRM1210A,https://www.bourns.com/docs/product-datasheets/crm-a.pdf?sfvrsn=353a74f6_16,https://www.bourns.com/products/resistors/thick-film-chip-resistors/product/CRM1210A
CRM-A,CRM2010A,2010,https://www.bourns.com/images/products/resistive-products/crm-a_part.jpg?sfvrsn=d3c74f6_4,"High Power
Current Sense
Anti Sulfur
AEC-Q200 compliant",0.5 %1 %5 %,±100 ppm±150 ppm±200 ppm±250 ppm,1 W,50 mΩ to 1 MΩ,https://www.bourns.com/docs/product-mds/crm2010-a_mds.pdf?sfvrsn=b03a74f6_4,https://www.bourns.com/resources/design-tools/engineering-files-list?folder=CRM-A,https://bourns.componentsearchengine.com/entry_u_newDesign.php?mna=Bourns&mpn=CRM2010A&pna=Bourns&vrq=1&fmt=zip&o3=0&logo=&lang=en-US&epm=0,https://www.bourns.com/inventory-search-results?PARTS=CRM2010A,https://www.bourns.com/docs/product-datasheets/crm-a.pdf?sfvrsn=353a74f6_16,https://www.bourns.com/products/resistors/thick-film-chip-resistors/product/CRM2010A
CRM-A,CRM2512A,2512,https://www.bourns.com/images/products/resistive-products/crm-a_part.jpg?sfvrsn=d3c74f6_4,"High Power
Current Sense
Anti Sulfur
AEC-Q200 compliant",0.5 %1 %5 %,±100 ppm±150 ppm±200 ppm±250 ppm,2 W,50 mΩ to 1 MΩ,https://www.bourns.com/docs/product-mds/crm2512-a_mds.pdf?sfvrsn=8b3a74f6_4,https://www.bourns.com/resources/design-tools/engineering-files-list?folder=CRM-A,https://bourns.componentsearchengine.com/entry_u_newDesign.php?mna=Bourns&mpn=CRM2512A&pna=Bourns&vrq=1&fmt=zip&o3=0&logo=&lang=en-US&epm=0,https://www.bourns.com/inventory-search-results?PARTS=CRM2512A,https://www.bourns.com/docs/product-datasheets/crm-a.pdf?sfvrsn=353a74f6_16,https://www.bourns.com/products/resistors/thick-film-chip-resistors/product/CRM2512A
CRM-Q,CRM1206-Q,1206,https://www.bourns.com/images/products/resistive-products/crm-q_part.jpg?sfvrsn=da825ef6_1,High PowerAEC-Q200 Compliant,"1%, 5%",±100 ppm±200 ppm,0.5 W,1 Ω to 1 MΩ,https://www.bourns.com/docs/product-mds/crm1206-q_mds.pdf?sfvrsn=36835ef6_2,https://www.bourns.com/resources/design-tools/engineering-files-list?folder=CRM-Q,https://bourns.componentsearchengine.com/entry_u_newDesign.php?mna=Bourns&mpn=CRM1206&pna=Bourns&vrq=1&fmt=zip&o3=0&logo=&lang=en-US&epm=0,https://www.bourns.com/inventory-search-results?PARTS=CRM1206,https://www.bourns.com/docs/product-datasheets/crm-q.pdf?sfvrsn=f8805ef6_4,https://www.bourns.com/products/resistors/thick-film-chip-resistors/product/CRM1206-Q
CRM-Q,CRM2010-Q,2010,https://www.bourns.com/images/products/resistive-products/crm-q_part.jpg?sfvrsn=da825ef6_1,High PowerAEC-Q200 Compliant,"1%, 5%",±100 ppm±200 ppm,1 W,1 Ω to 1 MΩ,https://www.bourns.com/docs/product-mds/crm2010-q_mds.pdf?sfvrsn=35835ef6_2,https://www.bourns.com/resources/design-tools/engineering-files-list?folder=CRM-Q,https://bourns.componentsearchengine.com/entry_u_newDesign.php?mna=Bourns&mpn=CRM2010&pna=Bourns&vrq=1&fmt=zip&o3=0&logo=&lang=en-US&epm=0,https://www.bourns.com/inventory-search-results?PARTS=CRM2010,https://www.bourns.com/docs/product-datasheets/crm-q.pdf?sfvrsn=f8805ef6_4,https://www.bourns.com/products/resistors/thick-film-chip-resistors/product/CRM2010-Q
CRM-Q,CRM2512-Q,2512,https://www.bourns.com/images/products/resistive-products/crm-q_part.jpg?sfvrsn=da825ef6_1,High PowerAEC-Q200 Compliant,"1%, 5%",±100 ppm±200 ppm,2 W,1 Ω to 1 MΩ,https://www.bourns.com/docs/product-mds/crm2512-q_mds.pdf?sfvrsn=33835ef6_2,https://www.bourns.com/resources/design-tools/engineering-files-list?folder=CRM-Q,https://bourns.componentsearchengine.com/entry_u_newDesign.php?mna=Bourns&mpn=CRM2512&pna=Bourns&vrq=1&fmt=zip&o3=0&logo=&lang=en-US&epm=0,https://www.bourns.com/inventory-search-results?PARTS=CRM2512,https://www.bourns.com/docs/product-datasheets/crm-q.pdf?sfvrsn=f8805ef6_4,https://www.bourns.com/products/resistors/thick-film-chip-resistors/product/CRM2512-Q
CRS,CRS0805,0805,https://www.bourns.com/images/products/resistive-products/crs0805_part.jpg?sfvrsn=e80866f6_4,"High Power
Anti Surge",1 %5 %,±100 ppm±200 ppm,0.25 W,1 Ω to 1 MΩ,https://www.bourns.com/docs/product-mds/crs0805_mds.pdf?sfvrsn=94480ef3_8,https://www.bourns.com/resources/design-tools/engineering-files-list?folder=CRS,https://bourns.componentsearchengine.com/entry_u_newDesign.php?mna=Bourns&mpn=CRS0805&pna=Bourns&vrq=1&fmt=zip&o3=0&logo=&lang=en-US&epm=0,https://www.bourns.com/inventory-search-results?PARTS=CRS0805,https://www.bourns.com/docs/product-datasheets/crs.pdf?sfvrsn=2852b1ed_32,https://www.bourns.com/products/resistors/thick-film-chip-resistors/product/CRS0805
CRS,CRS1206,1206,https://www.bourns.com/images/products/resistive-products/crs0805_part.jpg?sfvrsn=e80866f6_4,"High Power
Anti Surge",1 %5 %,±100 ppm±200 ppm,0.5 W,1 Ω to 1 MΩ,https://www.bourns.com/docs/product-mds/crs1206_mds.pdf?sfvrsn=14e7e8f4_7,https://www.bourns.com/resources/design-tools/engineering-files-list?folder=CRS,https://bourns.componentsearchengine.com/entry_u_newDesign.php?mna=Bourns&mpn=CRS1206&pna=Bourns&vrq=1&fmt=zip&o3=0&logo=&lang=en-US&epm=0,https://www.bourns.com/inventory-search-results?PARTS=CRS1206,https://www.bourns.com/docs/product-datasheets/crs.pdf?sfvrsn=2852b1ed_32,https://www.bourns.com/products/resistors/thick-film-chip-resistors/product/CRS1206
CRS,CRS2010,2010,https://www.bourns.com/images/products/resistive-products/crs0805_part.jpg?sfvrsn=e80866f6_4,"High Power
Anti Surge",1 %5 %,±100 ppm±200 ppm,1 W,1 Ω to 1 MΩ,https://www.bourns.com/docs/product-mds/crs2010_mds.pdf?sfvrsn=1927b374_10,https://www.bourns.com/resources/design-tools/engineering-files-list?folder=CRS,https://bourns.componentsearchengine.com/entry_u_newDesign.php?mna=Bourns&mpn=CRS2010&pna=Bourns&vrq=1&fmt=zip&o3=0&logo=&lang=en-US&epm=0,https://www.bourns.com/inventory-search-results?PARTS=CRS2010,https://www.bourns.com/docs/product-datasheets/crs.pdf?sfvrsn=2852b1ed_32,https://www.bourns.com/products/resistors/thick-film-chip-resistors/product/CRS2010
CRS,CRS2512,2512,https://www.bourns.com/images/products/resistive-products/crs0805_part.jpg?sfvrsn=e80866f6_4,"High Power
Anti Surge",1 %5 %,±100 ppm±200 ppm,2 W,1 Ω to 1 MΩ,https://www.bourns.com/docs/product-mds/crs2512_mds.pdf?sfvrsn=92ed076c_8,https://www.bourns.com/resources/design-tools/engineering-files-list?folder=CRS,https://bourns.componentsearchengine.com/entry_u_newDesign.php?mna=Bourns&mpn=CRS2512&pna=Bourns&vrq=1&fmt=zip&o3=0&logo=&lang=en-US&epm=0,https://www.bourns.com/inventory-search-results?PARTS=CRS2512,https://www.bourns.com/docs/product-datasheets/crs.pdf?sfvrsn=2852b1ed_32,https://www.bourns.com/products/resistors/thick-film-chip-resistors/product/CRS2512
CRS-A,CRS0603A,0603,https://www.bourns.com/images/products/resistive-products/crs-a_part.jpg?sfvrsn=83c74f6_6,"High Power
Anti Surge
Anti Sulfur
AEC-Q200 compliant",1 % 5 %,±100 ppm±150 ppm±200 ppm,0.125 W,1 Ω to 1 MΩ,https://www.bourns.com/docs/product-mds/crs0603-a_mds.pdf?sfvrsn=9c3a74f6_6,https://www.bourns.com/resources/design-tools/engineering-files-list?folder=CRS-A,https://bourns.componentsearchengine.com/entry_u_newDesign.php?mna=Bourns&mpn=CRS0603A&pna=Bourns&vrq=1&fmt=zip&o3=0&logo=&lang=en-US&epm=0,https://www.bourns.com/inventory-search-results?PARTS=CRS0603A,https://www.bourns.com/docs/product-datasheets/crs-a.pdf?sfvrsn=303a74f6_17,https://www.bourns.com/products/resistors/thick-film-chip-resistors/product/CRS0603A
CRS-A,CRS0805A,0805,https://www.bourns.com/images/products/resistive-products/crs-a_part.jpg?sfvrsn=83c74f6_6,"High Power
Anti Surge
Anti Sulfur
AEC-Q200 compliant",1 % 5 %,±100 ppm±150 ppm±200 ppm,0.25 W,1 Ω to 1 MΩ,https://www.bourns.com/docs/product-mds/crs0805-a_mds.pdf?sfvrsn=863a74f6_5,https://www.bourns.com/resources/design-tools/engineering-files-list?folder=CRS-A,https://bourns.componentsearchengine.com/entry_u_newDesign.php?mna=Bourns&mpn=CRS0805A&pna=Bourns&vrq=1&fmt=zip&o3=0&logo=&lang=en-US&epm=0,https://www.bourns.com/inventory-search-results?PARTS=CRS0805A,https://www.bourns.com/docs/product-datasheets/crs-a.pdf?sfvrsn=303a74f6_17,https://www.bourns.com/products/resistors/thick-film-chip-resistors/product/CRS0805A
CRS-A,CRS1206A,1206,https://www.bourns.com/images/products/resistive-products/crs-a_part.jpg?sfvrsn=83c74f6_6,"High Power
Anti Surge
Anti Sulfur
AEC-Q200 compliant",1 % 5 %,±100 ppm±150 ppm±200 ppm,0.5 W,1 Ω to 1 MΩ,https://www.bourns.com/docs/product-mds/crs1206-a_mds.pdf?sfvrsn=973a74f6_4,https://www.bourns.com/resources/design-tools/engineering-files-list?folder=CRS-A,https://bourns.componentsearchengine.com/entry_u_newDesign.php?mna=Bourns&mpn=CRS1206A&pna=Bourns&vrq=1&fmt=zip&o3=0&logo=&lang=en-US&epm=0,https://www.bourns.com/inventory-search-results?PARTS=CRS1206A,https://www.bourns.com/docs/product-datasheets/crs-a.pdf?sfvrsn=303a74f6_17,https://www.bourns.com/products/resistors/thick-film-chip-resistors/product/CRS1206A
CRS-A,CRS1210A,1210,https://www.bourns.com/images/products/resistive-products/crs-a_part.jpg?sfvrsn=83c74f6_6,"High Power
Anti Surge
Anti Sulfur
AEC-Q200 compliant",1 % 5 %,±100 ppm±150 ppm±200 ppm,0.5 W,1 Ω to 1 MΩ,https://www.bourns.com/docs/product-mds/crs1210-a_mds.pdf?sfvrsn=bb1f74f6_6,https://www.bourns.com/resources/design-tools/engineering-files-list?folder=CRS-A,https://bourns.componentsearchengine.com/entry_u_newDesign.php?mna=Bourns&mpn=CRS1210A&pna=Bourns&vrq=1&fmt=zip&o3=0&logo=&lang=en-US&epm=0,https://www.bourns.com/inventory-search-results?PARTS=CRS1210A,https://www.bourns.com/docs/product-datasheets/crs-a.pdf?sfvrsn=303a74f6_17,https://www.bourns.com/products/resistors/thick-film-chip-resistors/product/CRS1210A
CRS-A,CRS2010A,2010,https://www.bourns.com/images/products/resistive-products/crs-a_part.jpg?sfvrsn=83c74f6_6,"High Power
Anti Surge
Anti Sulfur
AEC-Q200 compliant",1 % 5 %,±100 ppm±150 ppm±200 ppm,1 W,1 Ω to 1 MΩ,https://www.bourns.com/docs/product-mds/crs2010-a_mds.pdf?sfvrsn=683d74f6_4,https://www.bourns.com/resources/design-tools/engineering-files-list?folder=CRS-A,https://bourns.componentsearchengine.com/entry_u_newDesign.php?mna=Bourns&mpn=CRS2010A&pna=Bourns&vrq=1&fmt=zip&o3=0&logo=&lang=en-US&epm=0,https://www.bourns.com/inventory-search-results?PARTS=CRS2010A,https://www.bourns.com/docs/product-datasheets/crs-a.pdf?sfvrsn=303a74f6_17,https://www.bourns.com/products/resistors/thick-film-chip-resistors/product/CRS2010A
CRS-A,CRS2512A,2512,https://www.bourns.com/images/products/resistive-products/crs-a_part.jpg?sfvrsn=83c74f6_6,"High Power
Anti Surge
Anti Sulfur
AEC-Q200 compliant",1 % 5 %,±100 ppm±150 ppm±200 ppm,2 W,1 Ω to 1 MΩ,https://www.bourns.com/docs/product-mds/crs2512-a_mds.pdf?sfvrsn=813a74f6_6,https://www.bourns.com/resources/design-tools/engineering-files-list?folder=CRS-A,https://bourns.componentsearchengine.com/entry_u_newDesign.php?mna=Bourns&mpn=CRS2512A&pna=Bourns&vrq=1&fmt=zip&o3=0&logo=&lang=en-US&epm=0,https://www.bourns.com/inventory-search-results?PARTS=CRS2512A,https://www.bourns.com/docs/product-datasheets/crs-a.pdf?sfvrsn=303a74f6_17,https://www.bourns.com/products/resistors/thick-film-chip-resistors/product/CRS2512A
CRS-Q,CRS1206-Q,1206,https://www.bourns.com/images/products/resistive-products/crs-q_part.jpg?sfvrsn=c2825ef6_1,High PowerAnti-surgeAEC-Q200 Compliant,"1%, 5%",±100 ppm±200 ppm,0.5 W,1 Ω to 1 MΩ,https://www.bourns.com/docs/product-mds/crs1206-q_mds.pdf?sfvrsn=2835ef6_2,https://www.bourns.com/resources/design-tools/engineering-files-list?folder=CRS-Q,https://bourns.componentsearchengine.com/entry_u_newDesign.php?mna=Bourns&mpn=CRS1206&pna=Bourns&vrq=1&fmt=zip&o3=0&logo=&lang=en-US&epm=0,https://www.bourns.com/inventory-search-results?PARTS=CRS1206,https://www.bourns.com/docs/product-datasheets/crs-q.pdf?sfvrsn=ff805ef6_5,https://www.bourns.com/products/resistors/thick-film-chip-resistors/product/CRS1206-Q
CRS-Q,CRS2010-Q,2010,https://www.bourns.com/images/products/resistive-products/crs-q_part.jpg?sfvrsn=c2825ef6_1,High PowerAnti-surgeAEC-Q200 Compliant,"1%, 5%",±100 ppm±200 ppm,1 W,1 Ω to 1 MΩ,https://www.bourns.com/docs/product-mds/crs2010-q_mds.pdf?sfvrsn=1835ef6_2,https://www.bourns.com/resources/design-tools/engineering-files-list?folder=CRS-Q,https://bourns.componentsearchengine.com/entry_u_newDesign.php?mna=Bourns&mpn=CRS2010&pna=Bourns&vrq=1&fmt=zip&o3=0&logo=&lang=en-US&epm=0,https://www.bourns.com/inventory-search-results?PARTS=CRS2010,https://www.bourns.com/docs/product-datasheets/crs-q.pdf?sfvrsn=ff805ef6_5,https://www.bourns.com/products/resistors/thick-film-chip-resistors/product/CRS2010-Q
CRS-Q,CRS2512-Q,2512,https://www.bourns.com/images/products/resistive-products/crs-q_part.jpg?sfvrsn=c2825ef6_1,High PowerAnti-surgeAEC-Q200 Compliant,"1%, 5%",±100 ppm±200 ppm,2 W,1 Ω to 1 MΩ,https://www.bourns.com/docs/product-mds/crs2512-q_mds.pdf?sfvrsn=15835ef6_2,https://www.bourns.com/resources/design-tools/engineering-files-list?folder=CRS-Q,https://bourns.componentsearchengine.com/entry_u_newDesign.php?mna=Bourns&mpn=CRS2512&pna=Bourns&vrq=1&fmt=zip&o3=0&logo=&lang=en-US&epm=0,https://www.bourns.com/inventory-search-results?PARTS=CRS2512,https://www.bourns.com/docs/product-datasheets/crs-q.pdf?sfvrsn=ff805ef6_5,https://www.bourns.com/products/resistors/thick-film-chip-resistors/product/CRS2512-Q
CMP,CMP0603,0603,https://www.bourns.com/images/products/resistive-products/cmp_part.jpg?sfvrsn=83ce40f6_2,"High Power
Anti Surge",1 %5 %,±100 ppm±200 ppm,0.25 W,10 Ω to 1 MΩ,https://www.bourns.com/docs/product-mds/cmp0603_mds.pdf?sfvrsn=3bd140f6_4,https://www.bourns.com/resources/design-tools/engineering-files-list?folder=CMP,https://bourns.componentsearchengine.com/entry_u_newDesign.php?mna=Bourns&mpn=CMP0603&pna=Bourns&vrq=1&fmt=zip&o3=0&logo=&lang=en-US&epm=0,https://www.bourns.com/inventory-search-results?PARTS=CMP0603,https://www.bourns.com/docs/product-datasheets/cmp.pdf?sfvrsn=60d140f6_4,https://www.bourns.com/products/resistors/thick-film-chip-resistors/product/CMP0603
CMP,CMP0805,0805,https://www.bourns.com/images/products/resistive-products/cmp_part.jpg?sfvrsn=83ce40f6_2,"High Power
Anti Surge",1 %5 %,±100 ppm±200 ppm,0.5 W,10 Ω to 1 MΩ,https://www.bourns.com/docs/product-mds/cmp0805_mds.pdf?sfvrsn=25d140f6_6,https://www.bourns.com/resources/design-tools/engineering-files-list?folder=CMP,https://bourns.componentsearchengine.com/entry_u_newDesign.php?mna=Bourns&mpn=CMP0805&pna=Bourns&vrq=1&fmt=zip&o3=0&logo=&lang=en-US&epm=0,https://www.bourns.com/inventory-search-results?PARTS=CMP0805,https://www.bourns.com/docs/product-datasheets/cmp.pdf?sfvrsn=60d140f6_4,https://www.bourns.com/products/resistors/thick-film-chip-resistors/product/CMP0805
CMP,CMP1206,1206,https://www.bourns.com/images/products/resistive-products/cmp_part.jpg?sfvrsn=83ce40f6_2,"High Power
Anti Surge",1 %5 %,±100 ppm±200 ppm,0.75 W,10 Ω to 1 MΩ,https://www.bourns.com/docs/product-mds/cmp1206_mds.pdf?sfvrsn=2d140f6_4,https://www.bourns.com/resources/design-tools/engineering-files-list?folder=CMP,https://bourns.componentsearchengine.com/entry_u_newDesign.php?mna=Bourns&mpn=CMP1206&pna=Bourns&vrq=1&fmt=zip&o3=0&logo=&lang=en-US&epm=0,https://www.bourns.com/inventory-search-results?PARTS=CMP1206,https://www.bourns.com/docs/product-datasheets/cmp.pdf?sfvrsn=60d140f6_4,https://www.bourns.com/products/resistors/thick-film-chip-resistors/product/CMP1206
CMP,CMP2010,2010,https://www.bourns.com/images/products/resistive-products/cmp_part.jpg?sfvrsn=83ce40f6_2,"High Power
Anti Surge",1 %5 %,±100 ppm±200 ppm,1 W,10 Ω to 1 MΩ,https://www.bourns.com/docs/product-mds/cmp2010_mds.pdf?sfvrsn=2ad140f6_4,https://www.bourns.com/resources/design-tools/engineering-files-list?folder=CMP,https://bourns.componentsearchengine.com/entry_u_newDesign.php?mna=Bourns&mpn=CMP2010&pna=Bourns&vrq=1&fmt=zip&o3=0&logo=&lang=en-US&epm=0,https://www.bourns.com/inventory-search-results?PARTS=CMP2010,https://www.bourns.com/docs/product-datasheets/cmp.pdf?sfvrsn=60d140f6_4,https://www.bourns.com/products/resistors/thick-film-chip-resistors/product/CMP2010
CMP,CMP2512,2512,https://www.bourns.com/images/products/resistive-products/cmp_part.jpg?sfvrsn=83ce40f6_2,"High Power
Anti Surge",1 %5 %,±100 ppm±200 ppm,1.5 W,10 Ω to 1 MΩ,https://www.bourns.com/docs/product-mds/cmp2512_mds.pdf?sfvrsn=20d140f6_4,https://www.bourns.com/resources/design-tools/engineering-files-list?folder=CMP,https://bourns.componentsearchengine.com/entry_u_newDesign.php?mna=Bourns&mpn=CMP2512&pna=Bourns&vrq=1&fmt=zip&o3=0&logo=&lang=en-US&epm=0,https://www.bourns.com/inventory-search-results?PARTS=CMP2512,https://www.bourns.com/docs/product-datasheets/cmp.pdf?sfvrsn=60d140f6_4,https://www.bourns.com/products/resistors/thick-film-chip-resistors/product/CMP2512
CMP-A,CMP0603A,0603,https://www.bourns.com/images/products/resistive-products/cmp_part.jpg?sfvrsn=83ce40f6_2,"High Power
Anti Surge
Sulfur-Resistant
AEC-Q200 Compliant",1 %5 %,±100 ppm±200 ppm,0.25 W,10 Ω to 1 MΩ,https://www.bourns.com/docs/product-mds/cmp0603a_mds.pdf?sfvrsn=cd140f6_4,https://www.bourns.com/resources/design-tools/engineering-files-list?folder=CMP-A,https://bourns.componentsearchengine.com/entry_u_newDesign.php?mna=Bourns&mpn=CMP0603A&pna=Bourns&vrq=1&fmt=zip&o3=0&logo=&lang=en-US&epm=0,https://www.bourns.com/inventory-search-results?PARTS=CMP0603A,https://www.bourns.com/docs/product-datasheets/cmp-a.pdf?sfvrsn=65d140f6_6,https://www.bourns.com/products/resistors/thick-film-chip-resistors/product/CMP0603A
CMP-A,CMP0805A,0805,https://www.bourns.com/images/products/resistive-products/cmp_part.jpg?sfvrsn=83ce40f6_2,"High Power
Anti Surge
Sulfur-Resistant
AEC-Q200 Compliant",1 %5 %,±100 ppm±200 ppm,0.5 W,10 Ω to 1 MΩ,https://www.bourns.com/docs/product-mds/cmp0805a_mds.pdf?sfvrsn=7d140f6_5,https://www.bourns.com/resources/design-tools/engineering-files-list?folder=CMP-A,https://bourns.componentsearchengine.com/entry_u_newDesign.php?mna=Bourns&mpn=CMP0805A&pna=Bourns&vrq=1&fmt=zip&o3=0&logo=&lang=en-US&epm=0,https://www.bourns.com/inventory-search-results?PARTS=CMP0805A,https://www.bourns.com/docs/product-datasheets/cmp-a.pdf?sfvrsn=65d140f6_6,https://www.bourns.com/products/resistors/thick-film-chip-resistors/product/CMP0805A
CMP-A,CMP1206A,1206,https://www.bourns.com/images/products/resistive-products/cmp_part.jpg?sfvrsn=83ce40f6_2,"High Power
Anti Surge
Sulfur-Resistant
AEC-Q200 Compliant",1 %5 %,±100 ppm±200 ppm,0.75 W,10 Ω to 1 MΩ,https://www.bourns.com/docs/product-mds/cmp1206a_mds.pdf?sfvrsn=31d140f6_4,https://www.bourns.com/resources/design-tools/engineering-files-list?folder=CMP-A,https://bourns.componentsearchengine.com/entry_u_newDesign.php?mna=Bourns&mpn=CMP1206A&pna=Bourns&vrq=1&fmt=zip&o3=0&logo=&lang=en-US&epm=0,https://www.bourns.com/inventory-search-results?PARTS=CMP1206A,https://www.bourns.com/docs/product-datasheets/cmp-a.pdf?sfvrsn=65d140f6_6,https://www.bourns.com/products/resistors/thick-film-chip-resistors/product/CMP1206A
CMP-A,CMP2010A,2010,https://www.bourns.com/images/products/resistive-products/cmp_part.jpg?sfvrsn=83ce40f6_2,"High Power
Anti Surge
Sulfur-Resistant
AEC-Q200 Compliant",1 %5 %,±100 ppm±200 ppm,1 W,10 Ω to 1 MΩ,https://www.bourns.com/docs/product-mds/cmp2010a_mds.pdf?sfvrsn=36d140f6_4,https://www.bourns.com/resources/design-tools/engineering-files-list?folder=CMP-A,https://bourns.componentsearchengine.com/entry_u_newDesign.php?mna=Bourns&mpn=CMP2010A&pna=Bourns&vrq=1&fmt=zip&o3=0&logo=&lang=en-US&epm=0,https://www.bourns.com/inventory-search-results?PARTS=CMP2010A,https://www.bourns.com/docs/product-datasheets/cmp-a.pdf?sfvrsn=65d140f6_6,https://www.bourns.com/products/resistors/thick-film-chip-resistors/product/CMP2010A
CMP-A,CMP2512A,2512,https://www.bourns.com/images/products/resistive-products/cmp_part.jpg?sfvrsn=83ce40f6_2,"High Power
Anti Surge
Sulfur-Resistant
AEC-Q200 Compliant",1 %5 %,±100 ppm±200 ppm,1.5 W,10 Ω to 1 MΩ,https://www.bourns.com/docs/product-mds/cmp2512a_mds.pdf?sfvrsn=2fd140f6_6,https://www.bourns.com/resources/design-tools/engineering-files-list?folder=CMP-A,https://bourns.componentsearchengine.com/entry_u_newDesign.php?mna=Bourns&mpn=CMP2512&pna=Bourns&vrq=1&fmt=zip&o3=0&logo=&lang=en-US&epm=0,https://www.bourns.com/inventory-search-results?PARTS=CMP2512,https://www.bourns.com/docs/product-datasheets/cmp-a.pdf?sfvrsn=65d140f6_6,https://www.bourns.com/products/resistors/thick-film-chip-resistors/product/CMP2512A
CMP-Q,CMP0603-Q,603,https://www.bourns.com/images/products/resistive-products/cmp-q_part.jpg?sfvrsn=db825ef6_1,High PowerAnti-surgeAEC-Q200 Compliant,"1%, 5%",±100 ppm±200 ppm,0.25 W,10 Ω to 1 MΩ,https://www.bourns.com/docs/product-mds/cmp0603-q_mds.pdf?sfvrsn=c835ef6_2,https://www.bourns.com/resources/design-tools/engineering-files-list?folder=CMP-Q,https://bourns.componentsearchengine.com/entry_u_newDesign.php?mna=Bourns&mpn=CMP0603&pna=Bourns&vrq=1&fmt=zip&o3=0&logo=&lang=en-US&epm=0,https://www.bourns.com/inventory-search-results?PARTS=CMP0603,https://www.bourns.com/docs/product-datasheets/cmp-q.pdf?sfvrsn=c8805ef6_4,https://www.bourns.com/products/resistors/thick-film-chip-resistors/product/CMP0603-Q
CMP-Q,CMP0805-Q,805,https://www.bourns.com/images/products/resistive-products/cmp-q_part.jpg?sfvrsn=db825ef6_1,High PowerAnti-surgeAEC-Q200 Compliant,"1%, 5%",±100 ppm±200 ppm,0.5 W,10 Ω to 1 MΩ,https://www.bourns.com/docs/product-mds/cmp0805-q_mds.pdf?sfvrsn=32835ef6_2,https://www.bourns.com/resources/design-tools/engineering-files-list?folder=CMP-Q,https://bourns.componentsearchengine.com/entry_u_newDesign.php?mna=Bourns&mpn=CMP0805&pna=Bourns&vrq=1&fmt=zip&o3=0&logo=&lang=en-US&epm=0,https://www.bourns.com/inventory-search-results?PARTS=CMP0805,https://www.bourns.com/docs/product-datasheets/cmp-q.pdf?sfvrsn=c8805ef6_4,https://www.bourns.com/products/resistors/thick-film-chip-resistors/product/CMP0805-Q
CMP-Q,CMP1206-Q,1206,https://www.bourns.com/images/products/resistive-products/cmp-q_part.jpg?sfvrsn=db825ef6_1,High PowerAnti-surgeAEC-Q200 Compliant,"1%, 5%",±100 ppm±200 ppm,0.75 W,10 Ω to 1 MΩ,https://www.bourns.com/docs/product-mds/cmp1206-q_mds.pdf?sfvrsn=31835ef6_2,https://www.bourns.com/resources/design-tools/engineering-files-list?folder=CMP-Q,https://bourns.componentsearchengine.com/entry_u_newDesign.php?mna=Bourns&mpn=CMP1206&pna=Bourns&vrq=1&fmt=zip&o3=0&logo=&lang=en-US&epm=0,https://www.bourns.com/inventory-search-results?PARTS=CMP1206,https://www.bourns.com/docs/product-datasheets/cmp-q.pdf?sfvrsn=c8805ef6_4,https://www.bourns.com/products/resistors/thick-film-chip-resistors/product/CMP1206-Q
CMP-Q,CMP2010-Q,2010,https://www.bourns.com/images/products/resistive-products/cmp-q_part.jpg?sfvrsn=db825ef6_1,High PowerAnti-surgeAEC-Q200 Compliant,"1%, 5%",±100 ppm±200 ppm,1 W,10 Ω to 1 MΩ,https://www.bourns.com/docs/product-mds/cmp2010-q_mds.pdf?sfvrsn=21835ef6_2,https://www.bourns.com/resources/design-tools/engineering-files-list?folder=CMP-Q,https://bourns.componentsearchengine.com/entry_u_newDesign.php?mna=Bourns&mpn=CMP2010&pna=Bourns&vrq=1&fmt=zip&o3=0&logo=&lang=en-US&epm=0,https://www.bourns.com/inventory-search-results?PARTS=CMP2010,https://www.bourns.com/docs/product-datasheets/cmp-q.pdf?sfvrsn=c8805ef6_4,https://www.bourns.com/products/resistors/thick-film-chip-resistors/product/CMP2010-Q
CMP-Q,CMP2512-Q,2512,https://www.bourns.com/images/products/resistive-products/cmp-q_part.jpg?sfvrsn=db825ef6_1,High PowerAnti-surgeAEC-Q200 Compliant,"1%, 5%",±100 ppm±200 ppm,1.5 W,10 Ω to 1 MΩ,https://www.bourns.com/docs/product-mds/cmp2512-q_mds.pdf?sfvrsn=d835ef6_2,https://www.bourns.com/resources/design-tools/engineering-files-list?folder=CMP-Q,https://bourns.componentsearchengine.com/entry_u_newDesign.php?mna=Bourns&mpn=CMP2512&pna=Bourns&vrq=1&fmt=zip&o3=0&logo=&lang=en-US&epm=0,https://www.bourns.com/inventory-search-results?PARTS=CMP2512,https://www.bourns.com/docs/product-datasheets/cmp-q.pdf?sfvrsn=c8805ef6_4,https://www.bourns.com/products/resistors/thick-film-chip-resistors/product/CMP2512-Q
CHP,CHP0603,0603,https://www.bourns.com/images/products/resistive-products/chp_part.jpg?sfvrsn=72d47df6_8,Triple Power,1 %5 %,±100 ppm±150 ppm±200 ppm,0.33 W,1 Ω to 1 MΩ,https://www.bourns.com/docs/product-mds/chp0603_mds.pdf?sfvrsn=1dd57df6_4,https://www.bourns.com/resources/design-tools/engineering-files-list?folder=CHP,https://bourns.componentsearchengine.com/entry_u_newDesign.php?mna=Bourns&mpn=CHP0603&pna=Bourns&vrq=1&fmt=zip&o3=0&logo=&lang=en-US&epm=0,https://www.bourns.com/inventory-search-results?PARTS=CHP0603,https://www.bourns.com/docs/product-datasheets/chp.pdf?sfvrsn=21d57df6_10,https://www.bourns.com/products/resistors/thick-film-chip-resistors/product/CHP0603
CHP,CHP0805,0805,https://www.bourns.com/images/products/resistive-products/chp_part.jpg?sfvrsn=72d47df6_8,Triple Power,1 %5 %,±100 ppm±150 ppm±200 ppm,0.5 W,1 Ω to 1 MΩ,https://www.bourns.com/docs/product-mds/chp0805_mds.pdf?sfvrsn=18d57df6_4,https://www.bourns.com/resources/design-tools/engineering-files-list?folder=CHP,https://bourns.componentsearchengine.com/entry_u_newDesign.php?mna=Bourns&mpn=CHP0805&pna=Bourns&vrq=1&fmt=zip&o3=0&logo=&lang=en-US&epm=0,https://www.bourns.com/inventory-search-results?PARTS=CHP0805,https://www.bourns.com/docs/product-datasheets/chp.pdf?sfvrsn=21d57df6_10,https://www.bourns.com/products/resistors/thick-film-chip-resistors/product/CHP0805
CHP,CHP1206,1206,https://www.bourns.com/images/products/resistive-products/chp_part.jpg?sfvrsn=72d47df6_8,Triple Power,1 %5 %,±100 ppm±150 ppm±200 ppm,0.75 W,1 Ω to 1 MΩ,https://www.bourns.com/docs/product-mds/chp1206_mds.pdf?sfvrsn=2d57df6_4,https://www.bourns.com/resources/design-tools/engineering-files-list?folder=CHP,https://bourns.componentsearchengine.com/entry_u_newDesign.php?mna=Bourns&mpn=CHP1206&pna=Bourns&vrq=1&fmt=zip&o3=0&logo=&lang=en-US&epm=0,https://www.bourns.com/inventory-search-results?PARTS=CHP1206,https://www.bourns.com/docs/product-datasheets/chp.pdf?sfvrsn=21d57df6_10,https://www.bourns.com/products/resistors/thick-film-chip-resistors/product/CHP1206
CHP,CHP2512,2512,https://www.bourns.com/images/products/resistive-products/chp_part.jpg?sfvrsn=72d47df6_8,Triple Power,1 %5 %,±100 ppm±150 ppm±200 ppm,3 W,100 mΩ to 1 MΩ,https://www.bourns.com/docs/product-mds/chp2512_mds.pdf?sfvrsn=7d57df6_4,https://www.bourns.com/resources/design-tools/engineering-files-list?folder=CHP,https://bourns.componentsearchengine.com/entry_u_newDesign.php?mna=Bourns&mpn=CHP2512&pna=Bourns&vrq=1&fmt=zip&o3=0&logo=&lang=en-US&epm=0,https://www.bourns.com/inventory-search-results?PARTS=CHP2512,https://www.bourns.com/docs/product-datasheets/chp.pdf?sfvrsn=21d57df6_10,https://www.bourns.com/products/resistors/thick-film-chip-resistors/product/CHP2512
CHP-A,CHP0603A,0603,https://www.bourns.com/images/products/resistive-products/chp_a_part.jpg?sfvrsn=836d41f6_2,"Triple Power
Sulfur-Resistant
AEC-Q200 Compliant",1 %5 %,±100 ppm±150 ppm±200 ppm,0.33 W,10 Ω to 1 MΩ,https://www.bourns.com/docs/product-mds/chp0603-a_mds.pdf?sfvrsn=4d6c41f6_4,https://www.bourns.com/resources/design-tools/engineering-files-list?folder=CHP-A,https://bourns.componentsearchengine.com/entry_u_newDesign.php?mna=Bourns&mpn=CHP0603A&pna=Bourns&vrq=1&fmt=zip&o3=0&logo=&lang=en-US&epm=0,https://www.bourns.com/inventory-search-results?PARTS=CHP0603A,https://www.bourns.com/docs/product-datasheets/chp-a.pdf?sfvrsn=bd6d41f6_8,https://www.bourns.com/products/resistors/thick-film-chip-resistors/product/CHP0603A
CHP-A,CHP0805A,0805,https://www.bourns.com/images/products/resistive-products/chp_a_part.jpg?sfvrsn=836d41f6_2,"Triple Power
Sulfur-Resistant
AEC-Q200 Compliant",1 %5 %,±100 ppm±150 ppm±200 ppm,0.5 W,10 Ω to 1 MΩ,https://www.bourns.com/docs/product-mds/chp0805-a_mds.pdf?sfvrsn=436c41f6_4,https://www.bourns.com/resources/design-tools/engineering-files-list?folder=CHP-A,https://bourns.componentsearchengine.com/entry_u_newDesign.php?mna=Bourns&mpn=CHP0805A&pna=Bourns&vrq=1&fmt=zip&o3=0&logo=&lang=en-US&epm=0,https://www.bourns.com/inventory-search-results?PARTS=CHP0805A,https://www.bourns.com/docs/product-datasheets/chp-a.pdf?sfvrsn=bd6d41f6_8,https://www.bourns.com/products/resistors/thick-film-chip-resistors/product/CHP0805A
CHP-A,CHP1206A,1206,https://www.bourns.com/images/products/resistive-products/chp_a_part.jpg?sfvrsn=836d41f6_2,"Triple Power
Sulfur-Resistant
AEC-Q200 Compliant",1 %5 %,±100 ppm±150 ppm±200 ppm,0.75 W,10 Ω to 1 MΩ,https://www.bourns.com/docs/product-mds/chp1206-a_mds.pdf?sfvrsn=486c41f6_4,https://www.bourns.com/resources/design-tools/engineering-files-list?folder=CHP-A,https://bourns.componentsearchengine.com/entry_u_newDesign.php?mna=Bourns&mpn=CHP1206A&pna=Bourns&vrq=1&fmt=zip&o3=0&logo=&lang=en-US&epm=0,https://www.bourns.com/inventory-search-results?PARTS=CHP1206A,https://www.bourns.com/docs/product-datasheets/chp-a.pdf?sfvrsn=bd6d41f6_8,https://www.bourns.com/products/resistors/thick-film-chip-resistors/product/CHP1206A
CHP-A,CHP2512A,2512,https://www.bourns.com/images/products/resistive-products/chp_a_part.jpg?sfvrsn=836d41f6_2,"Triple Power
Sulfur-Resistant
AEC-Q200 Compliant",1 %5 %,±100 ppm±150 ppm±200 ppm,3 W,10 Ω to 1 MΩ,https://www.bourns.com/docs/product-mds/chp2512-a_mds.pdf?sfvrsn=726c41f6_4,https://www.bourns.com/resources/design-tools/engineering-files-list?folder=CHP-A,https://bourns.componentsearchengine.com/entry_u_newDesign.php?mna=Bourns&mpn=CHP2512A&pna=Bourns&vrq=1&fmt=zip&o3=0&logo=&lang=en-US&epm=0,https://www.bourns.com/inventory-search-results?PARTS=CHP2512A,https://www.bourns.com/docs/product-datasheets/chp-a.pdf?sfvrsn=bd6d41f6_8,https://www.bourns.com/products/resistors/thick-film-chip-resistors/product/CHP2512A
CHP-Q,CHP0603-Q,603,https://www.bourns.com/images/products/resistive-products/chp-q_part.jpg?sfvrsn=d7825ef6_1,Ultra-high PowerSulfur-resistantAEC-Q200 Compliant,"1%, 5%",±100 ppm±200 ppm,0.33 W,10 Ω to 1 MΩ,https://www.bourns.com/docs/product-mds/chp0603-q_mds.pdf?sfvrsn=18835ef6_2,https://www.bourns.com/resources/design-tools/engineering-files-list?folder=CHP-Q,https://bourns.componentsearchengine.com/entry_u_newDesign.php?mna=Bourns&mpn=CHP0603&pna=Bourns&vrq=1&fmt=zip&o3=0&logo=&lang=en-US&epm=0,https://www.bourns.com/inventory-search-results?PARTS=CHP0603,https://www.bourns.com/docs/product-datasheets/chp-q.pdf?sfvrsn=cd805ef6_3,https://www.bourns.com/products/resistors/thick-film-chip-resistors/product/CHP0603-Q
CHP-Q,CHP0805-Q,805,https://www.bourns.com/images/products/resistive-products/chp-q_part.jpg?sfvrsn=d7825ef6_1,Ultra-high PowerSulfur-resistantAEC-Q200 Compliant,"1%, 5%",±100 ppm±200 ppm,0.5 W,10 Ω to 1 MΩ,https://www.bourns.com/docs/product-mds/chp0805-q_mds.pdf?sfvrsn=12835ef6_2,https://www.bourns.com/resources/design-tools/engineering-files-list?folder=CHP-Q,https://bourns.componentsearchengine.com/entry_u_newDesign.php?mna=Bourns&mpn=CHP0805&pna=Bourns&vrq=1&fmt=zip&o3=0&logo=&lang=en-US&epm=0,https://www.bourns.com/inventory-search-results?PARTS=CHP0805,https://www.bourns.com/docs/product-datasheets/chp-q.pdf?sfvrsn=cd805ef6_3,https://www.bourns.com/products/resistors/thick-film-chip-resistors/product/CHP0805-Q
CHP-Q,CHP1206-Q,1206,https://www.bourns.com/images/products/resistive-products/chp-q_part.jpg?sfvrsn=d7825ef6_1,Ultra-high PowerSulfur-resistantAEC-Q200 Compliant,"1%, 5%",±100 ppm±200 ppm,0.75 W,10 Ω to 1 MΩ,https://www.bourns.com/docs/product-mds/chp1206-q_mds.pdf?sfvrsn=51835ef6_2,https://www.bourns.com/resources/design-tools/engineering-files-list?folder=CHP-Q,https://bourns.componentsearchengine.com/entry_u_newDesign.php?mna=Bourns&mpn=CHP1206&pna=Bourns&vrq=1&fmt=zip&o3=0&logo=&lang=en-US&epm=0,https://www.bourns.com/inventory-search-results?PARTS=CHP1206,https://www.bourns.com/docs/product-datasheets/chp-q.pdf?sfvrsn=cd805ef6_3,https://www.bourns.com/products/resistors/thick-film-chip-resistors/product/CHP1206-Q
CHV,CHV0603,0603,https://www.bourns.com/images/products/resistive-products/chip-resistor-chv-series_part.jpg?sfvrsn=9ad09cf1_4,High Voltage,1 %5 %,±100 ppm±200 ppm,0.1,100 kΩ to 22 MΩ,https://www.bourns.com/docs/Product-MDS/chv-series.pdf?sfvrsn=e37897f1_0,https://www.bourns.com/resources/design-tools/engineering-files-list?folder=CHV,https://bourns.componentsearchengine.com/entry_u_newDesign.php?mna=Bourns&mpn=CHV0603&pna=Bourns&vrq=1&fmt=zip&o3=0&logo=&lang=en-US&epm=0,https://www.bourns.com/inventory-search-results?PARTS=CHV0603,https://www.bourns.com/docs/product-datasheets/chv.pdf?sfvrsn=adcf1bf9_29,https://www.bourns.com/products/resistors/thick-film-chip-resistors/product/CHV0603
CHV,CHV0805,0805,https://www.bourns.com/images/products/resistive-products/chip-resistor-chv-series_part.jpg?sfvrsn=9ad09cf1_4,High Voltage,1 %5 %,±100 ppm±200 ppm,0.125,100 kΩ to 22 MΩ,https://www.bourns.com/docs/Product-MDS/chv-series.pdf?sfvrsn=e37897f1_0,https://www.bourns.com/resources/design-tools/engineering-files-list?folder=CHV,https://bourns.componentsearchengine.com/entry_u_newDesign.php?mna=Bourns&mpn=CHV0805&pna=Bourns&vrq=1&fmt=zip&o3=0&logo=&lang=en-US&epm=0,https://www.bourns.com/inventory-search-results?PARTS=CHV0805,https://www.bourns.com/docs/product-datasheets/chv.pdf?sfvrsn=adcf1bf9_29,https://www.bourns.com/products/resistors/thick-film-chip-resistors/product/CHV0805
CHV,CHV1206,1206,https://www.bourns.com/images/products/resistive-products/chip-resistor-chv-series_part.jpg?sfvrsn=9ad09cf1_4,High Voltage,1 %5 %,±100 ppm±200 ppm,0.25,100 kΩ to 100 MΩ,https://www.bourns.com/docs/Product-MDS/chv-series.pdf?sfvrsn=e37897f1_0,https://www.bourns.com/resources/design-tools/engineering-files-list?folder=CHV,https://bourns.componentsearchengine.com/entry_u_newDesign.php?mna=Bourns&mpn=CHV1206&pna=Bourns&vrq=1&fmt=zip&o3=0&logo=&lang=en-US&epm=0,https://www.bourns.com/inventory-search-results?PARTS=CHV1206,https://www.bourns.com/docs/product-datasheets/chv.pdf?sfvrsn=adcf1bf9_29,https://www.bourns.com/products/resistors/thick-film-chip-resistors/product/CHV1206
CHV,CHV2010,2010,https://www.bourns.com/images/products/resistive-products/chip-resistor-chv-series_part.jpg?sfvrsn=9ad09cf1_4,High Voltage,1 %5 %,±100 ppm±200 ppm,0.5,100 kΩ to 100 MΩ,https://www.bourns.com/docs/Product-MDS/chv-series.pdf?sfvrsn=e37897f1_0,https://www.bourns.com/resources/design-tools/engineering-files-list?folder=CHV,https://bourns.componentsearchengine.com/entry_u_newDesign.php?mna=Bourns&mpn=CHV2010&pna=Bourns&vrq=1&fmt=zip&o3=0&logo=&lang=en-US&epm=0,https://www.bourns.com/inventory-search-results?PARTS=CHV2010,https://www.bourns.com/docs/product-datasheets/chv.pdf?sfvrsn=adcf1bf9_29,https://www.bourns.com/products/resistors/thick-film-chip-resistors/product/CHV2010
CHV,CHV2512,2512,https://www.bourns.com/images/products/resistive-products/chip-resistor-chv-series_part.jpg?sfvrsn=9ad09cf1_4,High Voltage,1 %5 %,±100 ppm±200 ppm,1,100 kΩ to 100 MΩ,https://www.bourns.com/docs/product-mds/chv_mds.pdf?sfvrsn=74a57ab3_2,https://www.bourns.com/resources/design-tools/engineering-files-list?folder=CHV,https://bourns.componentsearchengine.com/entry_u_newDesign.php?mna=Bourns&mpn=CHV2512&pna=Bourns&vrq=1&fmt=zip&o3=0&logo=&lang=en-US&epm=0,https://www.bourns.com/inventory-search-results?PARTS=CHV2512,https://www.bourns.com/docs/product-datasheets/chv.pdf?sfvrsn=adcf1bf9_29,https://www.bourns.com/products/resistors/thick-film-chip-resistors/product/CHV2512
CHV-A,CHV0603-A,0603,https://www.bourns.com/images/products/resistive-products/chva_part.jpg?sfvrsn=ab024bf6_2,High Voltage,1 %5 %,±100 ppm±200 ppm,0.1,100 kΩ to 22 MΩ,https://www.bourns.com/docs/product-mds/chv0603-a_mds.pdf?sfvrsn=77054bf6_4,https://www.bourns.com/resources/design-tools/engineering-files-list?folder=CHV-A,https://bourns.componentsearchengine.com/entry_u_newDesign.php?mna=Bourns&mpn=CHV0603-A&pna=Bourns&vrq=1&fmt=zip&o3=0&logo=&lang=en-US&epm=0,https://www.bourns.com/inventory-search-results?PARTS=CHV0603-A,https://www.bourns.com/docs/product-datasheets/chv-a.pdf?sfvrsn=8d024bf6_10,https://www.bourns.com/products/resistors/thick-film-chip-resistors/product/CHV0603-A
CHV-A,CHV0805-A,0805,https://www.bourns.com/images/products/resistive-products/chva_part.jpg?sfvrsn=ab024bf6_2,High Voltage,1 %5 %,±100 ppm±200 ppm,0.125,100 kΩ to 22 MΩ,https://www.bourns.com/docs/product-mds/chv0805-a_mds.pdf?sfvrsn=5e054bf6_4,https://www.bourns.com/resources/design-tools/engineering-files-list?folder=CHV-A,https://bourns.componentsearchengine.com/entry_u_newDesign.php?mna=Bourns&mpn=CHV0805-A&pna=Bourns&vrq=1&fmt=zip&o3=0&logo=&lang=en-US&epm=0,https://www.bourns.com/inventory-search-results?PARTS=CHV0805-A,https://www.bourns.com/docs/product-datasheets/chv-a.pdf?sfvrsn=8d024bf6_10,https://www.bourns.com/products/resistors/thick-film-chip-resistors/product/CHV0805-A
CHV-A,CHV1206-A,1206,https://www.bourns.com/images/products/resistive-products/chva_part.jpg?sfvrsn=ab024bf6_2,High Voltage,1 %5 %,±100 ppm±200 ppm,0.25,100 kΩ to 100 MΩ,https://www.bourns.com/docs/product-mds/chv1206-a_mds.pdf?sfvrsn=2a054bf6_4,https://www.bourns.com/resources/design-tools/engineering-files-list?folder=CHV-A,https://bourns.componentsearchengine.com/entry_u_newDesign.php?mna=Bourns&mpn=CHV1206-A&pna=Bourns&vrq=1&fmt=zip&o3=0&logo=&lang=en-US&epm=0,https://www.bourns.com/inventory-search-results?PARTS=CHV1206-A,https://www.bourns.com/docs/product-datasheets/chv-a.pdf?sfvrsn=8d024bf6_10,https://www.bourns.com/products/resistors/thick-film-chip-resistors/product/CHV1206-A
CHV-A,CHV2010-A,2010,https://www.bourns.com/images/products/resistive-products/chva_part.jpg?sfvrsn=ab024bf6_2,High Voltage,1 %5 %,±100 ppm±200 ppm,0.5,100 kΩ to 100 MΩ,https://www.bourns.com/docs/product-mds/chv2010-a_mds.pdf?sfvrsn=72054bf6_4,https://www.bourns.com/resources/design-tools/engineering-files-list?folder=CHV-A,https://bourns.componentsearchengine.com/entry_u_newDesign.php?mna=Bourns&mpn=CHV2010-A&pna=Bourns&vrq=1&fmt=zip&o3=0&logo=&lang=en-US&epm=0,https://www.bourns.com/inventory-search-results?PARTS=CHV2010-A,https://www.bourns.com/docs/product-datasheets/chv-a.pdf?sfvrsn=8d024bf6_10,https://www.bourns.com/products/resistors/thick-film-chip-resistors/product/CHV2010-A
CHV-A,CHV2512-A,2512,https://www.bourns.com/images/products/resistive-products/chva_part.jpg?sfvrsn=ab024bf6_2,High Voltage,1 %5 %,±100 ppm±200 ppm,1,100 kΩ to 100 MΩ,https://www.bourns.com/docs/product-mds/chv2512-a_mds.pdf?sfvrsn=54054bf6_4,https://www.bourns.com/resources/design-tools/engineering-files-list?folder=CHV-A,https://bourns.componentsearchengine.com/entry_u_newDesign.php?mna=Bourns&mpn=CHV2512-A&pna=Bourns&vrq=1&fmt=zip&o3=0&logo=&lang=en-US&epm=0,https://www.bourns.com/inventory-search-results?PARTS=CHV2512-A,https://www.bourns.com/docs/product-datasheets/chv-a.pdf?sfvrsn=8d024bf6_10,https://www.bourns.com/products/resistors/thick-film-chip-resistors/product/CHV2512-A
CHV-ST,CHV0603-ST,0603,https://www.bourns.com/images/products/resistive-products/chva_part.jpg?sfvrsn=ab024bf6_2,High Voltage,1 %5 %,±100 ppm±200 ppm,0.1,100 kΩ to 22 MΩ,https://www.bourns.com/docs/product-mds/chv0603-st_mds.pdf?sfvrsn=2f054bf6_4,https://www.bourns.com/resources/design-tools/engineering-files-list?folder=CHV-ST,https://bourns.componentsearchengine.com/entry_u_newDesign.php?mna=Bourns&mpn=CHV0603-ST&pna=Bourns&vrq=1&fmt=zip&o3=0&logo=&lang=en-US&epm=0,https://www.bourns.com/inventory-search-results?PARTS=CHV0603-ST,https://www.bourns.com/docs/product-datasheets/chv-st.pdf?sfvrsn=88024bf6_4,https://www.bourns.com/products/resistors/thick-film-chip-resistors/product/CHV0603-ST
CHV-ST,CHV0805-ST,0805,https://www.bourns.com/images/products/resistive-products/chva_part.jpg?sfvrsn=ab024bf6_2,High Voltage,1 %5 %,±100 ppm±200 ppm,0.125,100 kΩ to 22 MΩ,https://www.bourns.com/docs/product-mds/chv0805-st_mds.pdf?sfvrsn=59054bf6_4,https://www.bourns.com/resources/design-tools/engineering-files-list?folder=CHV-ST,https://bourns.componentsearchengine.com/entry_u_newDesign.php?mna=Bourns&mpn=CHV0805-ST&pna=Bourns&vrq=1&fmt=zip&o3=0&logo=&lang=en-US&epm=0,https://www.bourns.com/inventory-search-results?PARTS=CHV0805-ST,https://www.bourns.com/docs/product-datasheets/chv-st.pdf?sfvrsn=88024bf6_4,https://www.bourns.com/products/resistors/thick-film-chip-resistors/product/CHV0805-ST
CHV-ST,CHV1206-ST,1206,https://www.bourns.com/images/products/resistive-products/chva_part.jpg?sfvrsn=ab024bf6_2,High Voltage,1 %5 %,±100 ppm±200 ppm,0.25,100 kΩ to 100 MΩ,https://www.bourns.com/docs/product-mds/chv1206-st_mds.pdf?sfvrsn=4d054bf6_4,https://www.bourns.com/resources/design-tools/engineering-files-list?folder=CHV-ST,https://bourns.componentsearchengine.com/entry_u_newDesign.php?mna=Bourns&mpn=CHV1206-ST&pna=Bourns&vrq=1&fmt=zip&o3=0&logo=&lang=en-US&epm=0,https://www.bourns.com/inventory-search-results?PARTS=CHV1206-ST,https://www.bourns.com/docs/product-datasheets/chv-st.pdf?sfvrsn=88024bf6_4,https://www.bourns.com/products/resistors/thick-film-chip-resistors/product/CHV1206-ST
CHV-ST,CHV2010-ST,2010,https://www.bourns.com/images/products/resistive-products/chva_part.jpg?sfvrsn=ab024bf6_2,High Voltage,1 %5 %,±100 ppm±200 ppm,0.5,100 kΩ to 100 MΩ,https://www.bourns.com/docs/product-mds/chv2010-st_mds.pdf?sfvrsn=48054bf6_4,https://www.bourns.com/resources/design-tools/engineering-files-list?folder=CHV-ST,https://bourns.componentsearchengine.com/entry_u_newDesign.php?mna=Bourns&mpn=CHV2010-ST&pna=Bourns&vrq=1&fmt=zip&o3=0&logo=&lang=en-US&epm=0,https://www.bourns.com/inventory-search-results?PARTS=CHV2010-ST,https://www.bourns.com/docs/product-datasheets/chv-st.pdf?sfvrsn=88024bf6_4,https://www.bourns.com/products/resistors/thick-film-chip-resistors/product/CHV2010-ST
CHV-ST,CHV2512-ST,2512,https://www.bourns.com/images/products/resistive-products/chva_part.jpg?sfvrsn=ab024bf6_2,High Voltage,1 %5 %,±100 ppm±200 ppm,1,100 kΩ to 100 MΩ,https://www.bourns.com/docs/product-mds/chv2512-st_mds.pdf?sfvrsn=43054bf6_4,https://www.bourns.com/resources/design-tools/engineering-files-list?folder=CHV-ST,https://bourns.componentsearchengine.com/entry_u_newDesign.php?mna=Bourns&mpn=CHV2512-ST&pna=Bourns&vrq=1&fmt=zip&o3=0&logo=&lang=en-US&epm=0,https://www.bourns.com/inventory-search-results?PARTS=CHV2512-ST,https://www.bourns.com/docs/product-datasheets/chv-st.pdf?sfvrsn=88024bf6_4,https://www.bourns.com/products/resistors/thick-film-chip-resistors/product/CHV2512-ST
