Part Number;Series;Model;Category;Photo;Resistance;Tolerance;Temperature Coefficient;Power (Watts);Profile/Package Style;MDS;Design Files;Engineering;Buy Now;Datasheet Link;Product Link
CSM2F-6918-L050J00;CSM2F-6918;Metal Strip - AEC-Q200;Fixed Resistors - Shunt;https://www.bourns.com/images/products/resistive-products/csm2f_6918_0_part.jpg?sfvrsn=86af49f6_2;0.05;5 %;±50 ppm;36 W;Bulk Pack (50 pcs. per bag);https://www.bourns.com/docs/product-mds/csm2f-6918-l050j00_mds.pdf?sfvrsn=21b549f6_4 https://www.bourns.com/docs/product-mds/csm2f-6918-l100j00_mds.pdf?sfvrsn=db549f6_4 https://www.bourns.com/docs/product-mds/csm2f-6918-l200j00_mds.pdf?sfvrsn=32b549f6_4 ;https://www.bourns.com/resources/design-tools/engineering-files-list?folder=CSM2F-6918-0;https://bourns.componentsearchengine.com/entry_u_newDesign.php?mna=Bourns&mpn=CSM2F-6918-1&pna=Bourns&vrq=1&fmt=zip&o3=0&logo=&lang=en-US&epm=0;https://www.bourns.com/inventory-search-results?PARTS=CSM2F-6918-1;https://www.bourns.com/docs/product-datasheets/csm2f-6918-0.pdf?sfvrsn=3eb149f6_4;
CSM2F-6918-L050J02;CSM2F-6918;Metal Strip - AEC-Q200;Fixed Resistors - Shunt;https://www.bourns.com/images/products/resistive-products/csm2f_6918_2_part.jpg?sfvrsn=b0af49f6_2;0.05;5 %;±50 ppm;36 W;Bulk Pack (50 pcs. per bag);https://www.bourns.com/docs/product-mds/csm2f-6918-l050j02_mds.pdf?sfvrsn=26b549f6_4 https://www.bourns.com/docs/product-mds/csm2f-6918-l100j02_mds.pdf?sfvrsn=50b549f6_4 https://www.bourns.com/docs/product-mds/csm2f-6918-l200j02_mds.pdf?sfvrsn=5ab549f6_4 ;https://www.bourns.com/resources/design-tools/engineering-files-list?folder=CSM2F-6918-2;https://bourns.componentsearchengine.com/entry_u_newDesign.php?mna=Bourns&mpn=CSM2F-6918-2&pna=Bourns&vrq=1&fmt=zip&o3=0&logo=&lang=en-US&epm=0;https://www.bourns.com/inventory-search-results?PARTS=CSM2F-6918-2;https://www.bourns.com/docs/product-datasheets/csm2f-6918-2.pdf?sfvrsn=34b149f6_4;
CSM2F-6918-L050J20;CSM2F-6918 with 2 or 3 sensing pins;Metal Strip - AEC-Q200;Fixed Resistors - Shunt;https://www.bourns.com/images/products/resistive-products/csm2f_6918_x0_part.jpg?sfvrsn=b2125df6_1;0.05;5 %;±50 ppm;36 W;Tray Pack (30 pcs. per bag);https://www.bourns.com/docs/product-mds/csm2f-6918-l050jx0_mds.pdf?sfvrsn=e8145df6_3 https://www.bourns.com/docs/product-mds/csm2f-6918-l200jx0_mds.pdf?sfvrsn=f4145df6_3 https://www.bourns.com/docs/product-mds/csm2f-6918-l100jx0_mds.pdf?sfvrsn=d4145df6_3 ;https://www.bourns.com/resources/design-tools/engineering-files-list?folder=CSM2F-6918-x0;https://bourns.componentsearchengine.com/entry_u_newDesign.php?mna=Bourns&mpn=CSM2F-6918&pna=Bourns&vrq=1&fmt=zip&o3=0&logo=&lang=en-US&epm=0;https://www.bourns.com/inventory-search-results?PARTS=CSM2F-6918;https://www.bourns.com/docs/product-datasheets/csm2f-6918-x0.pdf?sfvrsn=a135df6_5;
CSM2F-6918-L050J21;CSM2F-6918 with 2 or 3 sensing pins;Metal Strip - AEC-Q200;Fixed Resistors - Shunt;https://www.bourns.com/images/products/resistive-products/csm2f_6918_x1_part.jpg?sfvrsn=ed125df6_1;0.05;5 %;±50 ppm;36 W;Tray Pack (30 pcs. per bag);https://www.bourns.com/docs/product-mds/csm2f-6918-l050jx1_mds.pdf?sfvrsn=ba145df6_3 ;https://www.bourns.com/resources/design-tools/engineering-files-list?folder=CSM2F-6918-x1;https://bourns.componentsearchengine.com/entry_u_newDesign.php?mna=Bourns&mpn=CSM2F-6918&pna=Bourns&vrq=1&fmt=zip&o3=0&logo=&lang=en-US&epm=0;https://www.bourns.com/inventory-search-results?PARTS=CSM2F-6918;https://www.bourns.com/docs/product-datasheets/csm2f-6918-x1.pdf?sfvrsn=1135df6_5;
CSM2F-6918-L050J22;CSM2F-6918 with 2 or 3 sensing pins;Metal Strip - AEC-Q200;Fixed Resistors - Shunt;https://www.bourns.com/images/products/resistive-products/csm2f_6918_x2_part.jpg?sfvrsn=7125df6_1;0.05;5 %;±50 ppm;36 W;Tray Pack (30 pcs. per bag);https://www.bourns.com/docs/product-mds/csm2f-6918-l050jx2_mds.pdf?sfvrsn=ef145df6_3 https://www.bourns.com/docs/product-mds/csm2f-6918-l100jx2_mds.pdf?sfvrsn=fd145df6_3 https://www.bourns.com/docs/product-mds/csm2f-6918-l200jx2_mds.pdf?sfvrsn=93145df6_3 ;https://www.bourns.com/resources/design-tools/engineering-files-list?folder=CSM2F-6918-x2;https://bourns.componentsearchengine.com/entry_u_newDesign.php?mna=Bourns&mpn=CSM2F-6918&pna=Bourns&vrq=1&fmt=zip&o3=0&logo=&lang=en-US&epm=0;https://www.bourns.com/inventory-search-results?PARTS=CSM2F-6918;https://www.bourns.com/docs/product-datasheets/csm2f-6918-x2.pdf?sfvrsn=7d135df6_5;
CSM2F-6918-L050J30;CSM2F-6918 with 2 or 3 sensing pins;Metal Strip - AEC-Q200;Fixed Resistors - Shunt;https://www.bourns.com/images/products/resistive-products/csm2f_6918_x0_part.jpg?sfvrsn=b2125df6_1;0.05;5 %;±50 ppm;36 W;Tray Pack (30 pcs. per bag);https://www.bourns.com/docs/product-mds/csm2f-6918-l050jx0_mds.pdf?sfvrsn=e8145df6_3 https://www.bourns.com/docs/product-mds/csm2f-6918-l200jx0_mds.pdf?sfvrsn=f4145df6_3 https://www.bourns.com/docs/product-mds/csm2f-6918-l100jx0_mds.pdf?sfvrsn=d4145df6_3 ;https://www.bourns.com/resources/design-tools/engineering-files-list?folder=CSM2F-6918-x0;https://bourns.componentsearchengine.com/entry_u_newDesign.php?mna=Bourns&mpn=CSM2F-6918&pna=Bourns&vrq=1&fmt=zip&o3=0&logo=&lang=en-US&epm=0;https://www.bourns.com/inventory-search-results?PARTS=CSM2F-6918;https://www.bourns.com/docs/product-datasheets/csm2f-6918-x0.pdf?sfvrsn=a135df6_5;
CSM2F-6918-L050J31;CSM2F-6918 with 2 or 3 sensing pins;Metal Strip - AEC-Q200;Fixed Resistors - Shunt;https://www.bourns.com/images/products/resistive-products/csm2f_6918_x1_part.jpg?sfvrsn=ed125df6_1;0.05;5 %;±50 ppm;36 W;Tray Pack (30 pcs. per bag);https://www.bourns.com/docs/product-mds/csm2f-6918-l050jx1_mds.pdf?sfvrsn=ba145df6_3 ;https://www.bourns.com/resources/design-tools/engineering-files-list?folder=CSM2F-6918-x1;https://bourns.componentsearchengine.com/entry_u_newDesign.php?mna=Bourns&mpn=CSM2F-6918&pna=Bourns&vrq=1&fmt=zip&o3=0&logo=&lang=en-US&epm=0;https://www.bourns.com/inventory-search-results?PARTS=CSM2F-6918;https://www.bourns.com/docs/product-datasheets/csm2f-6918-x1.pdf?sfvrsn=1135df6_5;
CSM2F-6918-L050J32;CSM2F-6918 with 2 or 3 sensing pins;Metal Strip - AEC-Q200;Fixed Resistors - Shunt;https://www.bourns.com/images/products/resistive-products/csm2f_6918_x2_part.jpg?sfvrsn=7125df6_1;0.05;5 %;±50 ppm;36 W;Tray Pack (30 pcs. per bag);https://www.bourns.com/docs/product-mds/csm2f-6918-l050jx2_mds.pdf?sfvrsn=ef145df6_3 https://www.bourns.com/docs/product-mds/csm2f-6918-l100jx2_mds.pdf?sfvrsn=fd145df6_3 https://www.bourns.com/docs/product-mds/csm2f-6918-l200jx2_mds.pdf?sfvrsn=93145df6_3 ;https://www.bourns.com/resources/design-tools/engineering-files-list?folder=CSM2F-6918-x2;https://bourns.componentsearchengine.com/entry_u_newDesign.php?mna=Bourns&mpn=CSM2F-6918&pna=Bourns&vrq=1&fmt=zip&o3=0&logo=&lang=en-US&epm=0;https://www.bourns.com/inventory-search-results?PARTS=CSM2F-6918;https://www.bourns.com/docs/product-datasheets/csm2f-6918-x2.pdf?sfvrsn=7d135df6_5;
CSM2F-6918-L050JT0;CSM2F-6918;Metal Strip - AEC-Q200;Fixed Resistors - Shunt;https://www.bourns.com/images/products/resistive-products/csm2f_6918_0_part.jpg?sfvrsn=86af49f6_2;0.05;5 %;±50 ppm;36 W;Tray Pack (52 pcs. per bag);https://www.bourns.com/docs/product-mds/csm2f-6918-l050j00_mds.pdf?sfvrsn=21b549f6_4 https://www.bourns.com/docs/product-mds/csm2f-6918-l100j00_mds.pdf?sfvrsn=db549f6_4 https://www.bourns.com/docs/product-mds/csm2f-6918-l200j00_mds.pdf?sfvrsn=32b549f6_4 ;https://www.bourns.com/resources/design-tools/engineering-files-list?folder=CSM2F-6918-0;https://bourns.componentsearchengine.com/entry_u_newDesign.php?mna=Bourns&mpn=CSM2F-6918-1&pna=Bourns&vrq=1&fmt=zip&o3=0&logo=&lang=en-US&epm=0;https://www.bourns.com/inventory-search-results?PARTS=CSM2F-6918-1;https://www.bourns.com/docs/product-datasheets/csm2f-6918-0.pdf?sfvrsn=3eb149f6_4;
CSM2F-6918-L050JT2;CSM2F-6918;Metal Strip - AEC-Q200;Fixed Resistors - Shunt;https://www.bourns.com/images/products/resistive-products/csm2f_6918_2_part.jpg?sfvrsn=b0af49f6_2;0.05;5 %;±50 ppm;36 W;Tray Pack (52 pcs. per bag);https://www.bourns.com/docs/product-mds/csm2f-6918-l050j02_mds.pdf?sfvrsn=26b549f6_4 https://www.bourns.com/docs/product-mds/csm2f-6918-l100j02_mds.pdf?sfvrsn=50b549f6_4 https://www.bourns.com/docs/product-mds/csm2f-6918-l200j02_mds.pdf?sfvrsn=5ab549f6_4 ;https://www.bourns.com/resources/design-tools/engineering-files-list?folder=CSM2F-6918-2;https://bourns.componentsearchengine.com/entry_u_newDesign.php?mna=Bourns&mpn=CSM2F-6918-2&pna=Bourns&vrq=1&fmt=zip&o3=0&logo=&lang=en-US&epm=0;https://www.bourns.com/inventory-search-results?PARTS=CSM2F-6918-2;https://www.bourns.com/docs/product-datasheets/csm2f-6918-2.pdf?sfvrsn=34b149f6_4;
CSM2F-6918-L100J00;CSM2F-6918;Metal Strip - AEC-Q200;Fixed Resistors - Shunt;https://www.bourns.com/images/products/resistive-products/csm2f_6918_0_part.jpg?sfvrsn=86af49f6_2;0.1;5 %;±50 ppm;36 W;Bulk Pack (50 pcs. per bag);https://www.bourns.com/docs/product-mds/csm2f-6918-l050j00_mds.pdf?sfvrsn=21b549f6_4 https://www.bourns.com/docs/product-mds/csm2f-6918-l100j00_mds.pdf?sfvrsn=db549f6_4 https://www.bourns.com/docs/product-mds/csm2f-6918-l200j00_mds.pdf?sfvrsn=32b549f6_4 ;https://www.bourns.com/resources/design-tools/engineering-files-list?folder=CSM2F-6918-0;https://bourns.componentsearchengine.com/entry_u_newDesign.php?mna=Bourns&mpn=CSM2F-6918-1&pna=Bourns&vrq=1&fmt=zip&o3=0&logo=&lang=en-US&epm=0;https://www.bourns.com/inventory-search-results?PARTS=CSM2F-6918-1;https://www.bourns.com/docs/product-datasheets/csm2f-6918-0.pdf?sfvrsn=3eb149f6_4;
CSM2F-6918-L100J02;CSM2F-6918;Metal Strip - AEC-Q200;Fixed Resistors - Shunt;https://www.bourns.com/images/products/resistive-products/csm2f_6918_2_part.jpg?sfvrsn=b0af49f6_2;0.1;5 %;±50 ppm;36 W;Bulk Pack (50 pcs. per bag);https://www.bourns.com/docs/product-mds/csm2f-6918-l050j02_mds.pdf?sfvrsn=26b549f6_4 https://www.bourns.com/docs/product-mds/csm2f-6918-l100j02_mds.pdf?sfvrsn=50b549f6_4 https://www.bourns.com/docs/product-mds/csm2f-6918-l200j02_mds.pdf?sfvrsn=5ab549f6_4 ;https://www.bourns.com/resources/design-tools/engineering-files-list?folder=CSM2F-6918-2;https://bourns.componentsearchengine.com/entry_u_newDesign.php?mna=Bourns&mpn=CSM2F-6918-2&pna=Bourns&vrq=1&fmt=zip&o3=0&logo=&lang=en-US&epm=0;https://www.bourns.com/inventory-search-results?PARTS=CSM2F-6918-2;https://www.bourns.com/docs/product-datasheets/csm2f-6918-2.pdf?sfvrsn=34b149f6_4;
CSM2F-6918-L100J20;CSM2F-6918 with 2 or 3 sensing pins;Metal Strip - AEC-Q200;Fixed Resistors - Shunt;https://www.bourns.com/images/products/resistive-products/csm2f_6918_x0_part.jpg?sfvrsn=b2125df6_1;0.1;5 %;±50 ppm;36 W;Tray Pack (30 pcs. per bag);https://www.bourns.com/docs/product-mds/csm2f-6918-l050jx0_mds.pdf?sfvrsn=e8145df6_3 https://www.bourns.com/docs/product-mds/csm2f-6918-l200jx0_mds.pdf?sfvrsn=f4145df6_3 https://www.bourns.com/docs/product-mds/csm2f-6918-l100jx0_mds.pdf?sfvrsn=d4145df6_3 ;https://www.bourns.com/resources/design-tools/engineering-files-list?folder=CSM2F-6918-x0;https://bourns.componentsearchengine.com/entry_u_newDesign.php?mna=Bourns&mpn=CSM2F-6918&pna=Bourns&vrq=1&fmt=zip&o3=0&logo=&lang=en-US&epm=0;https://www.bourns.com/inventory-search-results?PARTS=CSM2F-6918;https://www.bourns.com/docs/product-datasheets/csm2f-6918-x0.pdf?sfvrsn=a135df6_5;
CSM2F-6918-L100J21;CSM2F-6918 with 2 or 3 sensing pins;Metal Strip - AEC-Q200;Fixed Resistors - Shunt;https://www.bourns.com/images/products/resistive-products/csm2f_6918_x1_part.jpg?sfvrsn=ed125df6_1;0.1;5 %;±50 ppm;36 W;Tray Pack (30 pcs. per bag);https://www.bourns.com/docs/product-mds/csm2f-6918-l050jx1_mds.pdf?sfvrsn=ba145df6_3 ;https://www.bourns.com/resources/design-tools/engineering-files-list?folder=CSM2F-6918-x1;https://bourns.componentsearchengine.com/entry_u_newDesign.php?mna=Bourns&mpn=CSM2F-6918&pna=Bourns&vrq=1&fmt=zip&o3=0&logo=&lang=en-US&epm=0;https://www.bourns.com/inventory-search-results?PARTS=CSM2F-6918;https://www.bourns.com/docs/product-datasheets/csm2f-6918-x1.pdf?sfvrsn=1135df6_5;
CSM2F-6918-L100J22;CSM2F-6918 with 2 or 3 sensing pins;Metal Strip - AEC-Q200;Fixed Resistors - Shunt;https://www.bourns.com/images/products/resistive-products/csm2f_6918_x2_part.jpg?sfvrsn=7125df6_1;0.1;5 %;±50 ppm;36 W;Tray Pack (30 pcs. per bag);https://www.bourns.com/docs/product-mds/csm2f-6918-l050jx2_mds.pdf?sfvrsn=ef145df6_3 https://www.bourns.com/docs/product-mds/csm2f-6918-l100jx2_mds.pdf?sfvrsn=fd145df6_3 https://www.bourns.com/docs/product-mds/csm2f-6918-l200jx2_mds.pdf?sfvrsn=93145df6_3 ;https://www.bourns.com/resources/design-tools/engineering-files-list?folder=CSM2F-6918-x2;https://bourns.componentsearchengine.com/entry_u_newDesign.php?mna=Bourns&mpn=CSM2F-6918&pna=Bourns&vrq=1&fmt=zip&o3=0&logo=&lang=en-US&epm=0;https://www.bourns.com/inventory-search-results?PARTS=CSM2F-6918;https://www.bourns.com/docs/product-datasheets/csm2f-6918-x2.pdf?sfvrsn=7d135df6_5;
CSM2F-6918-L100J30;CSM2F-6918 with 2 or 3 sensing pins;Metal Strip - AEC-Q200;Fixed Resistors - Shunt;https://www.bourns.com/images/products/resistive-products/csm2f_6918_x0_part.jpg?sfvrsn=b2125df6_1;0.1;5 %;±50 ppm;36 W;Tray Pack (30 pcs. per bag);https://www.bourns.com/docs/product-mds/csm2f-6918-l050jx0_mds.pdf?sfvrsn=e8145df6_3 https://www.bourns.com/docs/product-mds/csm2f-6918-l200jx0_mds.pdf?sfvrsn=f4145df6_3 https://www.bourns.com/docs/product-mds/csm2f-6918-l100jx0_mds.pdf?sfvrsn=d4145df6_3 ;https://www.bourns.com/resources/design-tools/engineering-files-list?folder=CSM2F-6918-x0;https://bourns.componentsearchengine.com/entry_u_newDesign.php?mna=Bourns&mpn=CSM2F-6918&pna=Bourns&vrq=1&fmt=zip&o3=0&logo=&lang=en-US&epm=0;https://www.bourns.com/inventory-search-results?PARTS=CSM2F-6918;https://www.bourns.com/docs/product-datasheets/csm2f-6918-x0.pdf?sfvrsn=a135df6_5;
CSM2F-6918-L100J31;CSM2F-6918 with 2 or 3 sensing pins;Metal Strip - AEC-Q200;Fixed Resistors - Shunt;https://www.bourns.com/images/products/resistive-products/csm2f_6918_x1_part.jpg?sfvrsn=ed125df6_1;0.1;5 %;±50 ppm;36 W;Tray Pack (30 pcs. per bag);https://www.bourns.com/docs/product-mds/csm2f-6918-l050jx1_mds.pdf?sfvrsn=ba145df6_3 ;https://www.bourns.com/resources/design-tools/engineering-files-list?folder=CSM2F-6918-x1;https://bourns.componentsearchengine.com/entry_u_newDesign.php?mna=Bourns&mpn=CSM2F-6918&pna=Bourns&vrq=1&fmt=zip&o3=0&logo=&lang=en-US&epm=0;https://www.bourns.com/inventory-search-results?PARTS=CSM2F-6918;https://www.bourns.com/docs/product-datasheets/csm2f-6918-x1.pdf?sfvrsn=1135df6_5;
CSM2F-6918-L100J32;CSM2F-6918 with 2 or 3 sensing pins;Metal Strip - AEC-Q200;Fixed Resistors - Shunt;https://www.bourns.com/images/products/resistive-products/csm2f_6918_x2_part.jpg?sfvrsn=7125df6_1;0.1;5 %;±50 ppm;36 W;Tray Pack (30 pcs. per bag);https://www.bourns.com/docs/product-mds/csm2f-6918-l050jx2_mds.pdf?sfvrsn=ef145df6_3 https://www.bourns.com/docs/product-mds/csm2f-6918-l100jx2_mds.pdf?sfvrsn=fd145df6_3 https://www.bourns.com/docs/product-mds/csm2f-6918-l200jx2_mds.pdf?sfvrsn=93145df6_3 ;https://www.bourns.com/resources/design-tools/engineering-files-list?folder=CSM2F-6918-x2;https://bourns.componentsearchengine.com/entry_u_newDesign.php?mna=Bourns&mpn=CSM2F-6918&pna=Bourns&vrq=1&fmt=zip&o3=0&logo=&lang=en-US&epm=0;https://www.bourns.com/inventory-search-results?PARTS=CSM2F-6918;https://www.bourns.com/docs/product-datasheets/csm2f-6918-x2.pdf?sfvrsn=7d135df6_5;
CSM2F-6918-L100JT0;CSM2F-6918;Metal Strip - AEC-Q200;Fixed Resistors - Shunt;https://www.bourns.com/images/products/resistive-products/csm2f_6918_0_part.jpg?sfvrsn=86af49f6_2;0.1;5 %;±50 ppm;36 W;Tray Pack (52 pcs. per bag);https://www.bourns.com/docs/product-mds/csm2f-6918-l050j00_mds.pdf?sfvrsn=21b549f6_4 https://www.bourns.com/docs/product-mds/csm2f-6918-l100j00_mds.pdf?sfvrsn=db549f6_4 https://www.bourns.com/docs/product-mds/csm2f-6918-l200j00_mds.pdf?sfvrsn=32b549f6_4 ;https://www.bourns.com/resources/design-tools/engineering-files-list?folder=CSM2F-6918-0;https://bourns.componentsearchengine.com/entry_u_newDesign.php?mna=Bourns&mpn=CSM2F-6918-1&pna=Bourns&vrq=1&fmt=zip&o3=0&logo=&lang=en-US&epm=0;https://www.bourns.com/inventory-search-results?PARTS=CSM2F-6918-1;https://www.bourns.com/docs/product-datasheets/csm2f-6918-0.pdf?sfvrsn=3eb149f6_4;
CSM2F-6918-L100JT2;CSM2F-6918;Metal Strip - AEC-Q200;Fixed Resistors - Shunt;https://www.bourns.com/images/products/resistive-products/csm2f_6918_2_part.jpg?sfvrsn=b0af49f6_2;0.1;5 %;±50 ppm;36 W;Tray Pack (52 pcs. per bag);https://www.bourns.com/docs/product-mds/csm2f-6918-l050j02_mds.pdf?sfvrsn=26b549f6_4 https://www.bourns.com/docs/product-mds/csm2f-6918-l100j02_mds.pdf?sfvrsn=50b549f6_4 https://www.bourns.com/docs/product-mds/csm2f-6918-l200j02_mds.pdf?sfvrsn=5ab549f6_4 ;https://www.bourns.com/resources/design-tools/engineering-files-list?folder=CSM2F-6918-2;https://bourns.componentsearchengine.com/entry_u_newDesign.php?mna=Bourns&mpn=CSM2F-6918-2&pna=Bourns&vrq=1&fmt=zip&o3=0&logo=&lang=en-US&epm=0;https://www.bourns.com/inventory-search-results?PARTS=CSM2F-6918-2;https://www.bourns.com/docs/product-datasheets/csm2f-6918-2.pdf?sfvrsn=34b149f6_4;
CSM2F-6918-L200J00;CSM2F-6918;Metal Strip - AEC-Q200;Fixed Resistors - Shunt;https://www.bourns.com/images/products/resistive-products/csm2f_6918_0_part.jpg?sfvrsn=86af49f6_2;0.2;5 %;±50 ppm;36 W;Bulk Pack (50 pcs. per bag);https://www.bourns.com/docs/product-mds/csm2f-6918-l050j00_mds.pdf?sfvrsn=21b549f6_4 https://www.bourns.com/docs/product-mds/csm2f-6918-l100j00_mds.pdf?sfvrsn=db549f6_4 https://www.bourns.com/docs/product-mds/csm2f-6918-l200j00_mds.pdf?sfvrsn=32b549f6_4 ;https://www.bourns.com/resources/design-tools/engineering-files-list?folder=CSM2F-6918-0;https://bourns.componentsearchengine.com/entry_u_newDesign.php?mna=Bourns&mpn=CSM2F-6918-1&pna=Bourns&vrq=1&fmt=zip&o3=0&logo=&lang=en-US&epm=0;https://www.bourns.com/inventory-search-results?PARTS=CSM2F-6918-1;https://www.bourns.com/docs/product-datasheets/csm2f-6918-0.pdf?sfvrsn=3eb149f6_4;
CSM2F-6918-L200J02;CSM2F-6918;Metal Strip - AEC-Q200;Fixed Resistors - Shunt;https://www.bourns.com/images/products/resistive-products/csm2f_6918_2_part.jpg?sfvrsn=b0af49f6_2;0.2;5 %;±50 ppm;36 W;Bulk Pack (50 pcs. per bag);https://www.bourns.com/docs/product-mds/csm2f-6918-l050j02_mds.pdf?sfvrsn=26b549f6_4 https://www.bourns.com/docs/product-mds/csm2f-6918-l100j02_mds.pdf?sfvrsn=50b549f6_4 https://www.bourns.com/docs/product-mds/csm2f-6918-l200j02_mds.pdf?sfvrsn=5ab549f6_4 ;https://www.bourns.com/resources/design-tools/engineering-files-list?folder=CSM2F-6918-2;https://bourns.componentsearchengine.com/entry_u_newDesign.php?mna=Bourns&mpn=CSM2F-6918-2&pna=Bourns&vrq=1&fmt=zip&o3=0&logo=&lang=en-US&epm=0;https://www.bourns.com/inventory-search-results?PARTS=CSM2F-6918-2;https://www.bourns.com/docs/product-datasheets/csm2f-6918-2.pdf?sfvrsn=34b149f6_4;
CSM2F-6918-L200J20;CSM2F-6918 with 2 or 3 sensing pins;Metal Strip - AEC-Q200;Fixed Resistors - Shunt;https://www.bourns.com/images/products/resistive-products/csm2f_6918_x0_part.jpg?sfvrsn=b2125df6_1;0.2;5 %;±50 ppm;36 W;Tray Pack (30 pcs. per bag);https://www.bourns.com/docs/product-mds/csm2f-6918-l050jx0_mds.pdf?sfvrsn=e8145df6_3 https://www.bourns.com/docs/product-mds/csm2f-6918-l200jx0_mds.pdf?sfvrsn=f4145df6_3 https://www.bourns.com/docs/product-mds/csm2f-6918-l100jx0_mds.pdf?sfvrsn=d4145df6_3 ;https://www.bourns.com/resources/design-tools/engineering-files-list?folder=CSM2F-6918-x0;https://bourns.componentsearchengine.com/entry_u_newDesign.php?mna=Bourns&mpn=CSM2F-6918&pna=Bourns&vrq=1&fmt=zip&o3=0&logo=&lang=en-US&epm=0;https://www.bourns.com/inventory-search-results?PARTS=CSM2F-6918;https://www.bourns.com/docs/product-datasheets/csm2f-6918-x0.pdf?sfvrsn=a135df6_5;
CSM2F-6918-L200J22;CSM2F-6918 with 2 or 3 sensing pins;Metal Strip - AEC-Q200;Fixed Resistors - Shunt;https://www.bourns.com/images/products/resistive-products/csm2f_6918_x2_part.jpg?sfvrsn=7125df6_1;0.2;5 %;±50 ppm;36 W;Tray Pack (30 pcs. per bag);https://www.bourns.com/docs/product-mds/csm2f-6918-l050jx2_mds.pdf?sfvrsn=ef145df6_3 https://www.bourns.com/docs/product-mds/csm2f-6918-l100jx2_mds.pdf?sfvrsn=fd145df6_3 https://www.bourns.com/docs/product-mds/csm2f-6918-l200jx2_mds.pdf?sfvrsn=93145df6_3 ;https://www.bourns.com/resources/design-tools/engineering-files-list?folder=CSM2F-6918-x2;https://bourns.componentsearchengine.com/entry_u_newDesign.php?mna=Bourns&mpn=CSM2F-6918&pna=Bourns&vrq=1&fmt=zip&o3=0&logo=&lang=en-US&epm=0;https://www.bourns.com/inventory-search-results?PARTS=CSM2F-6918;https://www.bourns.com/docs/product-datasheets/csm2f-6918-x2.pdf?sfvrsn=7d135df6_5;
CSM2F-6918-L200J30;CSM2F-6918 with 2 or 3 sensing pins;Metal Strip - AEC-Q200;Fixed Resistors - Shunt;https://www.bourns.com/images/products/resistive-products/csm2f_6918_x0_part.jpg?sfvrsn=b2125df6_1;0.2;5 %;±50 ppm;36 W;Tray Pack (30 pcs. per bag);https://www.bourns.com/docs/product-mds/csm2f-6918-l050jx0_mds.pdf?sfvrsn=e8145df6_3 https://www.bourns.com/docs/product-mds/csm2f-6918-l200jx0_mds.pdf?sfvrsn=f4145df6_3 https://www.bourns.com/docs/product-mds/csm2f-6918-l100jx0_mds.pdf?sfvrsn=d4145df6_3 ;https://www.bourns.com/resources/design-tools/engineering-files-list?folder=CSM2F-6918-x0;https://bourns.componentsearchengine.com/entry_u_newDesign.php?mna=Bourns&mpn=CSM2F-6918&pna=Bourns&vrq=1&fmt=zip&o3=0&logo=&lang=en-US&epm=0;https://www.bourns.com/inventory-search-results?PARTS=CSM2F-6918;https://www.bourns.com/docs/product-datasheets/csm2f-6918-x0.pdf?sfvrsn=a135df6_5;
CSM2F-6918-L200J32;CSM2F-6918 with 2 or 3 sensing pins;Metal Strip - AEC-Q200;Fixed Resistors - Shunt;https://www.bourns.com/images/products/resistive-products/csm2f_6918_x2_part.jpg?sfvrsn=7125df6_1;0.2;5 %;±50 ppm;36 W;Tray Pack (30 pcs. per bag);https://www.bourns.com/docs/product-mds/csm2f-6918-l050jx2_mds.pdf?sfvrsn=ef145df6_3 https://www.bourns.com/docs/product-mds/csm2f-6918-l100jx2_mds.pdf?sfvrsn=fd145df6_3 https://www.bourns.com/docs/product-mds/csm2f-6918-l200jx2_mds.pdf?sfvrsn=93145df6_3 ;https://www.bourns.com/resources/design-tools/engineering-files-list?folder=CSM2F-6918-x2;https://bourns.componentsearchengine.com/entry_u_newDesign.php?mna=Bourns&mpn=CSM2F-6918&pna=Bourns&vrq=1&fmt=zip&o3=0&logo=&lang=en-US&epm=0;https://www.bourns.com/inventory-search-results?PARTS=CSM2F-6918;https://www.bourns.com/docs/product-datasheets/csm2f-6918-x2.pdf?sfvrsn=7d135df6_5;
CSM2F-6918-L200JT0;CSM2F-6918;Metal Strip - AEC-Q200;Fixed Resistors - Shunt;https://www.bourns.com/images/products/resistive-products/csm2f_6918_0_part.jpg?sfvrsn=86af49f6_2;0.2;5 %;±50 ppm;36 W;Tray Pack (52 pcs. per bag);https://www.bourns.com/docs/product-mds/csm2f-6918-l050j00_mds.pdf?sfvrsn=21b549f6_4 https://www.bourns.com/docs/product-mds/csm2f-6918-l100j00_mds.pdf?sfvrsn=db549f6_4 https://www.bourns.com/docs/product-mds/csm2f-6918-l200j00_mds.pdf?sfvrsn=32b549f6_4 ;https://www.bourns.com/resources/design-tools/engineering-files-list?folder=CSM2F-6918-0;https://bourns.componentsearchengine.com/entry_u_newDesign.php?mna=Bourns&mpn=CSM2F-6918-1&pna=Bourns&vrq=1&fmt=zip&o3=0&logo=&lang=en-US&epm=0;https://www.bourns.com/inventory-search-results?PARTS=CSM2F-6918-1;https://www.bourns.com/docs/product-datasheets/csm2f-6918-0.pdf?sfvrsn=3eb149f6_4;
CSM2F-6918-L200JT2;CSM2F-6918;Metal Strip - AEC-Q200;Fixed Resistors - Shunt;https://www.bourns.com/images/products/resistive-products/csm2f_6918_2_part.jpg?sfvrsn=b0af49f6_2;0.2;5 %;±50 ppm;36 W;Tray Pack (52 pcs. per bag);https://www.bourns.com/docs/product-mds/csm2f-6918-l050j02_mds.pdf?sfvrsn=26b549f6_4 https://www.bourns.com/docs/product-mds/csm2f-6918-l100j02_mds.pdf?sfvrsn=50b549f6_4 https://www.bourns.com/docs/product-mds/csm2f-6918-l200j02_mds.pdf?sfvrsn=5ab549f6_4 ;https://www.bourns.com/resources/design-tools/engineering-files-list?folder=CSM2F-6918-2;https://bourns.componentsearchengine.com/entry_u_newDesign.php?mna=Bourns&mpn=CSM2F-6918-2&pna=Bourns&vrq=1&fmt=zip&o3=0&logo=&lang=en-US&epm=0;https://www.bourns.com/inventory-search-results?PARTS=CSM2F-6918-2;https://www.bourns.com/docs/product-datasheets/csm2f-6918-2.pdf?sfvrsn=34b149f6_4;
CSM2F-7036-L025J00;CSM2F-7036;Metal Strip - AEC-Q200;Fixed Resistors - Shunt;https://www.bourns.com/images/products/resistive-products/csm2f_7036_0_part.jpg?sfvrsn=97af49f6_2;0.025;5 %;±50 ppm;50 W;Bulk Pack (50 pcs. per bag);https://www.bourns.com/docs/product-mds/csm2f-7036-l025j00_mds.pdf?sfvrsn=8b549f6_4 https://www.bourns.com/docs/product-mds/csm2f-7036-l050j00_mds.pdf?sfvrsn=55b549f6_4 https://www.bourns.com/docs/product-mds/csm2f-7036-l100j00_mds.pdf?sfvrsn=73b549f6_4 ;https://www.bourns.com/resources/design-tools/engineering-files-list?folder=CSM2F-7036-0;https://bourns.componentsearchengine.com/entry_u_newDesign.php?mna=Bourns&mpn=CSM2F-7036-0&pna=Bourns&vrq=1&fmt=zip&o3=0&logo=&lang=en-US&epm=0;https://www.bourns.com/inventory-search-results?PARTS=CSM2F-7036-0;https://www.bourns.com/docs/product-datasheets/csm2f-7036-0.pdf?sfvrsn=ab149f6_4;
CSM2F-7036-L025J02;CSM2F-7036;Metal Strip - AEC-Q200;Fixed Resistors - Shunt;https://www.bourns.com/images/products/resistive-products/csm2f_7036_2_part.jpg?sfvrsn=bfaf49f6_2;0.025;5 %;±50 ppm;50 W;Bulk Pack (50 pcs. per bag);https://www.bourns.com/docs/product-mds/csm2f-7036-l025j02_mds.pdf?sfvrsn=44b549f6_4 https://www.bourns.com/docs/product-mds/csm2f-7036-l050j02_mds.pdf?sfvrsn=37b549f6_4 https://www.bourns.com/docs/product-mds/csm2f-7036-l100j02_mds.pdf?sfvrsn=78b549f6_4 ;https://www.bourns.com/resources/design-tools/engineering-files-list?folder=CSM2F-7036-2;https://bourns.componentsearchengine.com/entry_u_newDesign.php?mna=Bourns&mpn=CSM2F-7036-2&pna=Bourns&vrq=1&fmt=zip&o3=0&logo=&lang=en-US&epm=0;https://www.bourns.com/inventory-search-results?PARTS=CSM2F-7036-2;https://www.bourns.com/docs/product-datasheets/csm2f-7036-2.pdf?sfvrsn=39b149f6_4;
CSM2F-7036-L025J20;CSM2F-7036 with 2 or 3 sensing pins;Metal Strip - AEC-Q200;Fixed Resistors - Shunt;https://www.bourns.com/images/products/resistive-products/csm2f_7036_x0_part.jpg?sfvrsn=6125df6_1;0.025;5 %;±50 ppm;50 W;Tray Pack (20 pcs. per bag);https://www.bourns.com/docs/product-mds/csm2f-7036-l050jx0_mds.pdf?sfvrsn=46175df6_3 https://www.bourns.com/docs/product-mds/csm2f-7036-l025jx0_mds.pdf?sfvrsn=91145df6_3 https://www.bourns.com/docs/product-mds/csm2f-7036-l100jx0_mds.pdf?sfvrsn=ca175df6_3 ;https://www.bourns.com/resources/design-tools/engineering-files-list?folder=CSM2F-7036-x0;https://bourns.componentsearchengine.com/entry_u_newDesign.php?mna=Bourns&mpn=CSM2F-7036&pna=Bourns&vrq=1&fmt=zip&o3=0&logo=&lang=en-US&epm=0;https://www.bourns.com/inventory-search-results?PARTS=CSM2F-7036;https://www.bourns.com/docs/product-datasheets/csm2f-7036-x0.pdf?sfvrsn=5f135df6_5;
CSM2F-7036-L025J21;CSM2F-7036 with 2 or 3 sensing pins;Metal Strip - AEC-Q200;Fixed Resistors - Shunt;https://www.bourns.com/images/products/resistive-products/csm2f_7036_x1_part.jpg?sfvrsn=125df6_1;0.025;5 %;±50 ppm;50 W;Tray Pack (20 pcs. per bag);https://www.bourns.com/docs/product-mds/csm2f-7036-l050jx1_mds.pdf?sfvrsn=2b175df6_3 ;https://www.bourns.com/resources/design-tools/engineering-files-list?folder=CSM2F-7036-x1;https://bourns.componentsearchengine.com/entry_u_newDesign.php?mna=Bourns&mpn=CSM2F-7036&pna=Bourns&vrq=1&fmt=zip&o3=0&logo=&lang=en-US&epm=0;https://www.bourns.com/inventory-search-results?PARTS=CSM2F-7036;https://www.bourns.com/docs/product-datasheets/csm2f-7036-x1.pdf?sfvrsn=66135df6_5;
CSM2F-7036-L025J22;CSM2F-7036 with 2 or 3 sensing pins;Metal Strip - AEC-Q200;Fixed Resistors - Shunt;https://www.bourns.com/images/products/resistive-products/csm2f_7036_x1_part.jpg?sfvrsn=125df6_1;0.025;5 %;±50 ppm;50 W;Tray Pack (20 pcs. per bag);https://www.bourns.com/docs/product-mds/csm2f-7036-l050jx2_mds.pdf?sfvrsn=d175df6_3 https://www.bourns.com/docs/product-mds/csm2f-7036-l025jx2_mds.pdf?sfvrsn=75175df6_3 https://www.bourns.com/docs/product-mds/csm2f-7036-l100jx2_mds.pdf?sfvrsn=e2175df6_3 ;https://www.bourns.com/resources/design-tools/engineering-files-list?folder=CSM2F-7036-x2;https://bourns.componentsearchengine.com/entry_u_newDesign.php?mna=Bourns&mpn=CSM2F-7036&pna=Bourns&vrq=1&fmt=zip&o3=0&logo=&lang=en-US&epm=0;https://www.bourns.com/inventory-search-results?PARTS=CSM2F-7036;https://www.bourns.com/docs/product-datasheets/csm2f-7036-x2.pdf?sfvrsn=4d135df6_3;
CSM2F-7036-L025J30;CSM2F-7036 with 2 or 3 sensing pins;Metal Strip - AEC-Q200;Fixed Resistors - Shunt;https://www.bourns.com/images/products/resistive-products/csm2f_7036_x0_part.jpg?sfvrsn=6125df6_1;0.025;5 %;±50 ppm;50 W;Tray Pack (20 pcs. per bag);https://www.bourns.com/docs/product-mds/csm2f-7036-l050jx0_mds.pdf?sfvrsn=46175df6_3 https://www.bourns.com/docs/product-mds/csm2f-7036-l025jx0_mds.pdf?sfvrsn=91145df6_3 https://www.bourns.com/docs/product-mds/csm2f-7036-l100jx0_mds.pdf?sfvrsn=ca175df6_3 ;https://www.bourns.com/resources/design-tools/engineering-files-list?folder=CSM2F-7036-x0;https://bourns.componentsearchengine.com/entry_u_newDesign.php?mna=Bourns&mpn=CSM2F-7036&pna=Bourns&vrq=1&fmt=zip&o3=0&logo=&lang=en-US&epm=0;https://www.bourns.com/inventory-search-results?PARTS=CSM2F-7036;https://www.bourns.com/docs/product-datasheets/csm2f-7036-x0.pdf?sfvrsn=5f135df6_5;
CSM2F-7036-L025J31;CSM2F-7036 with 2 or 3 sensing pins;Metal Strip - AEC-Q200;Fixed Resistors - Shunt;https://www.bourns.com/images/products/resistive-products/csm2f_7036_x1_part.jpg?sfvrsn=125df6_1;0.025;5 %;±50 ppm;50 W;Tray Pack (20 pcs. per bag);https://www.bourns.com/docs/product-mds/csm2f-7036-l050jx1_mds.pdf?sfvrsn=2b175df6_3 ;https://www.bourns.com/resources/design-tools/engineering-files-list?folder=CSM2F-7036-x1;https://bourns.componentsearchengine.com/entry_u_newDesign.php?mna=Bourns&mpn=CSM2F-7036&pna=Bourns&vrq=1&fmt=zip&o3=0&logo=&lang=en-US&epm=0;https://www.bourns.com/inventory-search-results?PARTS=CSM2F-7036;https://www.bourns.com/docs/product-datasheets/csm2f-7036-x1.pdf?sfvrsn=66135df6_5;
CSM2F-7036-L025J32;CSM2F-7036 with 2 or 3 sensing pins;Metal Strip - AEC-Q200;Fixed Resistors - Shunt;https://www.bourns.com/images/products/resistive-products/csm2f_7036_x1_part.jpg?sfvrsn=125df6_1;0.025;5 %;±50 ppm;50 W;Tray Pack (20 pcs. per bag);https://www.bourns.com/docs/product-mds/csm2f-7036-l050jx2_mds.pdf?sfvrsn=d175df6_3 https://www.bourns.com/docs/product-mds/csm2f-7036-l025jx2_mds.pdf?sfvrsn=75175df6_3 https://www.bourns.com/docs/product-mds/csm2f-7036-l100jx2_mds.pdf?sfvrsn=e2175df6_3 ;https://www.bourns.com/resources/design-tools/engineering-files-list?folder=CSM2F-7036-x2;https://bourns.componentsearchengine.com/entry_u_newDesign.php?mna=Bourns&mpn=CSM2F-7036&pna=Bourns&vrq=1&fmt=zip&o3=0&logo=&lang=en-US&epm=0;https://www.bourns.com/inventory-search-results?PARTS=CSM2F-7036;https://www.bourns.com/docs/product-datasheets/csm2f-7036-x2.pdf?sfvrsn=4d135df6_3;
CSM2F-7036-L025JT0;CSM2F-7036;Metal Strip - AEC-Q200;Fixed Resistors - Shunt;https://www.bourns.com/images/products/resistive-products/csm2f_7036_0_part.jpg?sfvrsn=97af49f6_2;0.025;5 %;±50 ppm;50 W;Tray Pack (30 pcs. per bag);https://www.bourns.com/docs/product-mds/csm2f-7036-l025j00_mds.pdf?sfvrsn=8b549f6_4 https://www.bourns.com/docs/product-mds/csm2f-7036-l050j00_mds.pdf?sfvrsn=55b549f6_4 https://www.bourns.com/docs/product-mds/csm2f-7036-l100j00_mds.pdf?sfvrsn=73b549f6_4 ;https://www.bourns.com/resources/design-tools/engineering-files-list?folder=CSM2F-7036-0;https://bourns.componentsearchengine.com/entry_u_newDesign.php?mna=Bourns&mpn=CSM2F-7036-0&pna=Bourns&vrq=1&fmt=zip&o3=0&logo=&lang=en-US&epm=0;https://www.bourns.com/inventory-search-results?PARTS=CSM2F-7036-0;https://www.bourns.com/docs/product-datasheets/csm2f-7036-0.pdf?sfvrsn=ab149f6_4;
CSM2F-7036-L025JT2;CSM2F-7036;Metal Strip - AEC-Q200;Fixed Resistors - Shunt;https://www.bourns.com/images/products/resistive-products/csm2f_7036_2_part.jpg?sfvrsn=bfaf49f6_2;0.025;5 %;±50 ppm;50 W;Tray Pack (30 pcs. per bag);https://www.bourns.com/docs/product-mds/csm2f-7036-l025j02_mds.pdf?sfvrsn=44b549f6_4 https://www.bourns.com/docs/product-mds/csm2f-7036-l050j02_mds.pdf?sfvrsn=37b549f6_4 https://www.bourns.com/docs/product-mds/csm2f-7036-l100j02_mds.pdf?sfvrsn=78b549f6_4 ;https://www.bourns.com/resources/design-tools/engineering-files-list?folder=CSM2F-7036-2;https://bourns.componentsearchengine.com/entry_u_newDesign.php?mna=Bourns&mpn=CSM2F-7036-2&pna=Bourns&vrq=1&fmt=zip&o3=0&logo=&lang=en-US&epm=0;https://www.bourns.com/inventory-search-results?PARTS=CSM2F-7036-2;https://www.bourns.com/docs/product-datasheets/csm2f-7036-2.pdf?sfvrsn=39b149f6_4;
CSM2F-7036-L050J00;CSM2F-7036;Metal Strip - AEC-Q200;Fixed Resistors - Shunt;https://www.bourns.com/images/products/resistive-products/csm2f_7036_0_part.jpg?sfvrsn=97af49f6_2;0.05;5 %;±50 ppm;50 W;Bulk Pack (50 pcs. per bag);https://www.bourns.com/docs/product-mds/csm2f-7036-l025j00_mds.pdf?sfvrsn=8b549f6_4 https://www.bourns.com/docs/product-mds/csm2f-7036-l050j00_mds.pdf?sfvrsn=55b549f6_4 https://www.bourns.com/docs/product-mds/csm2f-7036-l100j00_mds.pdf?sfvrsn=73b549f6_4 ;https://www.bourns.com/resources/design-tools/engineering-files-list?folder=CSM2F-7036-0;https://bourns.componentsearchengine.com/entry_u_newDesign.php?mna=Bourns&mpn=CSM2F-7036-0&pna=Bourns&vrq=1&fmt=zip&o3=0&logo=&lang=en-US&epm=0;https://www.bourns.com/inventory-search-results?PARTS=CSM2F-7036-0;https://www.bourns.com/docs/product-datasheets/csm2f-7036-0.pdf?sfvrsn=ab149f6_4;
CSM2F-7036-L050J02;CSM2F-7036;Metal Strip - AEC-Q200;Fixed Resistors - Shunt;https://www.bourns.com/images/products/resistive-products/csm2f_7036_2_part.jpg?sfvrsn=bfaf49f6_2;0.05;5 %;±50 ppm;50 W;Bulk Pack (50 pcs. per bag);https://www.bourns.com/docs/product-mds/csm2f-7036-l025j02_mds.pdf?sfvrsn=44b549f6_4 https://www.bourns.com/docs/product-mds/csm2f-7036-l050j02_mds.pdf?sfvrsn=37b549f6_4 https://www.bourns.com/docs/product-mds/csm2f-7036-l100j02_mds.pdf?sfvrsn=78b549f6_4 ;https://www.bourns.com/resources/design-tools/engineering-files-list?folder=CSM2F-7036-2;https://bourns.componentsearchengine.com/entry_u_newDesign.php?mna=Bourns&mpn=CSM2F-7036-2&pna=Bourns&vrq=1&fmt=zip&o3=0&logo=&lang=en-US&epm=0;https://www.bourns.com/inventory-search-results?PARTS=CSM2F-7036-2;https://www.bourns.com/docs/product-datasheets/csm2f-7036-2.pdf?sfvrsn=39b149f6_4;
CSM2F-7036-L050J20;CSM2F-7036 with 2 or 3 sensing pins;Metal Strip - AEC-Q200;Fixed Resistors - Shunt;https://www.bourns.com/images/products/resistive-products/csm2f_7036_x0_part.jpg?sfvrsn=6125df6_1;0.05;5 %;±50 ppm;50 W;Tray Pack (20 pcs. per bag);https://www.bourns.com/docs/product-mds/csm2f-7036-l050jx0_mds.pdf?sfvrsn=46175df6_3 https://www.bourns.com/docs/product-mds/csm2f-7036-l025jx0_mds.pdf?sfvrsn=91145df6_3 https://www.bourns.com/docs/product-mds/csm2f-7036-l100jx0_mds.pdf?sfvrsn=ca175df6_3 ;https://www.bourns.com/resources/design-tools/engineering-files-list?folder=CSM2F-7036-x0;https://bourns.componentsearchengine.com/entry_u_newDesign.php?mna=Bourns&mpn=CSM2F-7036&pna=Bourns&vrq=1&fmt=zip&o3=0&logo=&lang=en-US&epm=0;https://www.bourns.com/inventory-search-results?PARTS=CSM2F-7036;https://www.bourns.com/docs/product-datasheets/csm2f-7036-x0.pdf?sfvrsn=5f135df6_5;
CSM2F-7036-L050J21;CSM2F-7036 with 2 or 3 sensing pins;Metal Strip - AEC-Q200;Fixed Resistors - Shunt;https://www.bourns.com/images/products/resistive-products/csm2f_7036_x1_part.jpg?sfvrsn=125df6_1;0.05;5 %;±50 ppm;50 W;Tray Pack (20 pcs. per bag);https://www.bourns.com/docs/product-mds/csm2f-7036-l050jx1_mds.pdf?sfvrsn=2b175df6_3 ;https://www.bourns.com/resources/design-tools/engineering-files-list?folder=CSM2F-7036-x1;https://bourns.componentsearchengine.com/entry_u_newDesign.php?mna=Bourns&mpn=CSM2F-7036&pna=Bourns&vrq=1&fmt=zip&o3=0&logo=&lang=en-US&epm=0;https://www.bourns.com/inventory-search-results?PARTS=CSM2F-7036;https://www.bourns.com/docs/product-datasheets/csm2f-7036-x1.pdf?sfvrsn=66135df6_5;
CSM2F-7036-L050J22;CSM2F-7036 with 2 or 3 sensing pins;Metal Strip - AEC-Q200;Fixed Resistors - Shunt;https://www.bourns.com/images/products/resistive-products/csm2f_7036_x1_part.jpg?sfvrsn=125df6_1;0.05;5 %;±50 ppm;50 W;Tray Pack (20 pcs. per bag);https://www.bourns.com/docs/product-mds/csm2f-7036-l050jx2_mds.pdf?sfvrsn=d175df6_3 https://www.bourns.com/docs/product-mds/csm2f-7036-l025jx2_mds.pdf?sfvrsn=75175df6_3 https://www.bourns.com/docs/product-mds/csm2f-7036-l100jx2_mds.pdf?sfvrsn=e2175df6_3 ;https://www.bourns.com/resources/design-tools/engineering-files-list?folder=CSM2F-7036-x2;https://bourns.componentsearchengine.com/entry_u_newDesign.php?mna=Bourns&mpn=CSM2F-7036&pna=Bourns&vrq=1&fmt=zip&o3=0&logo=&lang=en-US&epm=0;https://www.bourns.com/inventory-search-results?PARTS=CSM2F-7036;https://www.bourns.com/docs/product-datasheets/csm2f-7036-x2.pdf?sfvrsn=4d135df6_3;
CSM2F-7036-L050J30;CSM2F-7036 with 2 or 3 sensing pins;Metal Strip - AEC-Q200;Fixed Resistors - Shunt;https://www.bourns.com/images/products/resistive-products/csm2f_7036_x0_part.jpg?sfvrsn=6125df6_1;0.05;5 %;±50 ppm;50 W;Tray Pack (20 pcs. per bag);https://www.bourns.com/docs/product-mds/csm2f-7036-l050jx0_mds.pdf?sfvrsn=46175df6_3 https://www.bourns.com/docs/product-mds/csm2f-7036-l025jx0_mds.pdf?sfvrsn=91145df6_3 https://www.bourns.com/docs/product-mds/csm2f-7036-l100jx0_mds.pdf?sfvrsn=ca175df6_3 ;https://www.bourns.com/resources/design-tools/engineering-files-list?folder=CSM2F-7036-x0;https://bourns.componentsearchengine.com/entry_u_newDesign.php?mna=Bourns&mpn=CSM2F-7036&pna=Bourns&vrq=1&fmt=zip&o3=0&logo=&lang=en-US&epm=0;https://www.bourns.com/inventory-search-results?PARTS=CSM2F-7036;https://www.bourns.com/docs/product-datasheets/csm2f-7036-x0.pdf?sfvrsn=5f135df6_5;
CSM2F-7036-L050J31;CSM2F-7036 with 2 or 3 sensing pins;Metal Strip - AEC-Q200;Fixed Resistors - Shunt;https://www.bourns.com/images/products/resistive-products/csm2f_7036_x1_part.jpg?sfvrsn=125df6_1;0.05;5 %;±50 ppm;50 W;Tray Pack (20 pcs. per bag);https://www.bourns.com/docs/product-mds/csm2f-7036-l050jx1_mds.pdf?sfvrsn=2b175df6_3 ;https://www.bourns.com/resources/design-tools/engineering-files-list?folder=CSM2F-7036-x1;https://bourns.componentsearchengine.com/entry_u_newDesign.php?mna=Bourns&mpn=CSM2F-7036&pna=Bourns&vrq=1&fmt=zip&o3=0&logo=&lang=en-US&epm=0;https://www.bourns.com/inventory-search-results?PARTS=CSM2F-7036;https://www.bourns.com/docs/product-datasheets/csm2f-7036-x1.pdf?sfvrsn=66135df6_5;
CSM2F-7036-L050J32;CSM2F-7036 with 2 or 3 sensing pins;Metal Strip - AEC-Q200;Fixed Resistors - Shunt;https://www.bourns.com/images/products/resistive-products/csm2f_7036_x1_part.jpg?sfvrsn=125df6_1;0.05;5 %;±50 ppm;50 W;Tray Pack (20 pcs. per bag);https://www.bourns.com/docs/product-mds/csm2f-7036-l050jx2_mds.pdf?sfvrsn=d175df6_3 https://www.bourns.com/docs/product-mds/csm2f-7036-l025jx2_mds.pdf?sfvrsn=75175df6_3 https://www.bourns.com/docs/product-mds/csm2f-7036-l100jx2_mds.pdf?sfvrsn=e2175df6_3 ;https://www.bourns.com/resources/design-tools/engineering-files-list?folder=CSM2F-7036-x2;https://bourns.componentsearchengine.com/entry_u_newDesign.php?mna=Bourns&mpn=CSM2F-7036&pna=Bourns&vrq=1&fmt=zip&o3=0&logo=&lang=en-US&epm=0;https://www.bourns.com/inventory-search-results?PARTS=CSM2F-7036;https://www.bourns.com/docs/product-datasheets/csm2f-7036-x2.pdf?sfvrsn=4d135df6_3;
CSM2F-7036-L050JT0;CSM2F-7036;Metal Strip - AEC-Q200;Fixed Resistors - Shunt;https://www.bourns.com/images/products/resistive-products/csm2f_7036_0_part.jpg?sfvrsn=97af49f6_2;0.05;5 %;±50 ppm;50 W;Tray Pack (30 pcs. per bag);https://www.bourns.com/docs/product-mds/csm2f-7036-l025j00_mds.pdf?sfvrsn=8b549f6_4 https://www.bourns.com/docs/product-mds/csm2f-7036-l050j00_mds.pdf?sfvrsn=55b549f6_4 https://www.bourns.com/docs/product-mds/csm2f-7036-l100j00_mds.pdf?sfvrsn=73b549f6_4 ;https://www.bourns.com/resources/design-tools/engineering-files-list?folder=CSM2F-7036-0;https://bourns.componentsearchengine.com/entry_u_newDesign.php?mna=Bourns&mpn=CSM2F-7036-0&pna=Bourns&vrq=1&fmt=zip&o3=0&logo=&lang=en-US&epm=0;https://www.bourns.com/inventory-search-results?PARTS=CSM2F-7036-0;https://www.bourns.com/docs/product-datasheets/csm2f-7036-0.pdf?sfvrsn=ab149f6_4;
CSM2F-7036-L050JT2;CSM2F-7036;Metal Strip - AEC-Q200;Fixed Resistors - Shunt;https://www.bourns.com/images/products/resistive-products/csm2f_7036_2_part.jpg?sfvrsn=bfaf49f6_2;0.05;5 %;±50 ppm;50 W;Tray Pack (30 pcs. per bag);https://www.bourns.com/docs/product-mds/csm2f-7036-l025j02_mds.pdf?sfvrsn=44b549f6_4 https://www.bourns.com/docs/product-mds/csm2f-7036-l050j02_mds.pdf?sfvrsn=37b549f6_4 https://www.bourns.com/docs/product-mds/csm2f-7036-l100j02_mds.pdf?sfvrsn=78b549f6_4 ;https://www.bourns.com/resources/design-tools/engineering-files-list?folder=CSM2F-7036-2;https://bourns.componentsearchengine.com/entry_u_newDesign.php?mna=Bourns&mpn=CSM2F-7036-2&pna=Bourns&vrq=1&fmt=zip&o3=0&logo=&lang=en-US&epm=0;https://www.bourns.com/inventory-search-results?PARTS=CSM2F-7036-2;https://www.bourns.com/docs/product-datasheets/csm2f-7036-2.pdf?sfvrsn=39b149f6_4;
CSM2F-7036-L100J00;CSM2F-7036;Metal Strip - AEC-Q200;Fixed Resistors - Shunt;https://www.bourns.com/images/products/resistive-products/csm2f_7036_0_part.jpg?sfvrsn=97af49f6_2;0.1;5 %;±50 ppm;50 W;Bulk Pack (50 pcs. per bag);https://www.bourns.com/docs/product-mds/csm2f-7036-l025j00_mds.pdf?sfvrsn=8b549f6_4 https://www.bourns.com/docs/product-mds/csm2f-7036-l050j00_mds.pdf?sfvrsn=55b549f6_4 https://www.bourns.com/docs/product-mds/csm2f-7036-l100j00_mds.pdf?sfvrsn=73b549f6_4 ;https://www.bourns.com/resources/design-tools/engineering-files-list?folder=CSM2F-7036-0;https://bourns.componentsearchengine.com/entry_u_newDesign.php?mna=Bourns&mpn=CSM2F-7036-0&pna=Bourns&vrq=1&fmt=zip&o3=0&logo=&lang=en-US&epm=0;https://www.bourns.com/inventory-search-results?PARTS=CSM2F-7036-0;https://www.bourns.com/docs/product-datasheets/csm2f-7036-0.pdf?sfvrsn=ab149f6_4;
CSM2F-7036-L100J02;CSM2F-7036;Metal Strip - AEC-Q200;Fixed Resistors - Shunt;https://www.bourns.com/images/products/resistive-products/csm2f_7036_2_part.jpg?sfvrsn=bfaf49f6_2;0.1;5 %;±50 ppm;50 W;Bulk Pack (50 pcs. per bag);https://www.bourns.com/docs/product-mds/csm2f-7036-l025j02_mds.pdf?sfvrsn=44b549f6_4 https://www.bourns.com/docs/product-mds/csm2f-7036-l050j02_mds.pdf?sfvrsn=37b549f6_4 https://www.bourns.com/docs/product-mds/csm2f-7036-l100j02_mds.pdf?sfvrsn=78b549f6_4 ;https://www.bourns.com/resources/design-tools/engineering-files-list?folder=CSM2F-7036-2;https://bourns.componentsearchengine.com/entry_u_newDesign.php?mna=Bourns&mpn=CSM2F-7036-2&pna=Bourns&vrq=1&fmt=zip&o3=0&logo=&lang=en-US&epm=0;https://www.bourns.com/inventory-search-results?PARTS=CSM2F-7036-2;https://www.bourns.com/docs/product-datasheets/csm2f-7036-2.pdf?sfvrsn=39b149f6_4;
CSM2F-7036-L100J20;CSM2F-7036 with 2 or 3 sensing pins;Metal Strip - AEC-Q200;Fixed Resistors - Shunt;https://www.bourns.com/images/products/resistive-products/csm2f_7036_x0_part.jpg?sfvrsn=6125df6_1;0.1;5 %;±50 ppm;50 W;Tray Pack (20 pcs. per bag);https://www.bourns.com/docs/product-mds/csm2f-7036-l050jx0_mds.pdf?sfvrsn=46175df6_3 https://www.bourns.com/docs/product-mds/csm2f-7036-l025jx0_mds.pdf?sfvrsn=91145df6_3 https://www.bourns.com/docs/product-mds/csm2f-7036-l100jx0_mds.pdf?sfvrsn=ca175df6_3 ;https://www.bourns.com/resources/design-tools/engineering-files-list?folder=CSM2F-7036-x0;https://bourns.componentsearchengine.com/entry_u_newDesign.php?mna=Bourns&mpn=CSM2F-7036&pna=Bourns&vrq=1&fmt=zip&o3=0&logo=&lang=en-US&epm=0;https://www.bourns.com/inventory-search-results?PARTS=CSM2F-7036;https://www.bourns.com/docs/product-datasheets/csm2f-7036-x0.pdf?sfvrsn=5f135df6_5;
CSM2F-7036-L100J22;CSM2F-7036 with 2 or 3 sensing pins;Metal Strip - AEC-Q200;Fixed Resistors - Shunt;https://www.bourns.com/images/products/resistive-products/csm2f_7036_x1_part.jpg?sfvrsn=125df6_1;0.1;5 %;±50 ppm;50 W;Tray Pack (20 pcs. per bag);https://www.bourns.com/docs/product-mds/csm2f-7036-l050jx2_mds.pdf?sfvrsn=d175df6_3 https://www.bourns.com/docs/product-mds/csm2f-7036-l025jx2_mds.pdf?sfvrsn=75175df6_3 https://www.bourns.com/docs/product-mds/csm2f-7036-l100jx2_mds.pdf?sfvrsn=e2175df6_3 ;https://www.bourns.com/resources/design-tools/engineering-files-list?folder=CSM2F-7036-x2;https://bourns.componentsearchengine.com/entry_u_newDesign.php?mna=Bourns&mpn=CSM2F-7036&pna=Bourns&vrq=1&fmt=zip&o3=0&logo=&lang=en-US&epm=0;https://www.bourns.com/inventory-search-results?PARTS=CSM2F-7036;https://www.bourns.com/docs/product-datasheets/csm2f-7036-x2.pdf?sfvrsn=4d135df6_3;
CSM2F-7036-L100J30;CSM2F-7036 with 2 or 3 sensing pins;Metal Strip - AEC-Q200;Fixed Resistors - Shunt;https://www.bourns.com/images/products/resistive-products/csm2f_7036_x0_part.jpg?sfvrsn=6125df6_1;0.1;5 %;±50 ppm;50 W;Tray Pack (20 pcs. per bag);https://www.bourns.com/docs/product-mds/csm2f-7036-l050jx0_mds.pdf?sfvrsn=46175df6_3 https://www.bourns.com/docs/product-mds/csm2f-7036-l025jx0_mds.pdf?sfvrsn=91145df6_3 https://www.bourns.com/docs/product-mds/csm2f-7036-l100jx0_mds.pdf?sfvrsn=ca175df6_3 ;https://www.bourns.com/resources/design-tools/engineering-files-list?folder=CSM2F-7036-x0;https://bourns.componentsearchengine.com/entry_u_newDesign.php?mna=Bourns&mpn=CSM2F-7036&pna=Bourns&vrq=1&fmt=zip&o3=0&logo=&lang=en-US&epm=0;https://www.bourns.com/inventory-search-results?PARTS=CSM2F-7036;https://www.bourns.com/docs/product-datasheets/csm2f-7036-x0.pdf?sfvrsn=5f135df6_5;
CSM2F-7036-L100J32;CSM2F-7036 with 2 or 3 sensing pins;Metal Strip - AEC-Q200;Fixed Resistors - Shunt;https://www.bourns.com/images/products/resistive-products/csm2f_7036_x1_part.jpg?sfvrsn=125df6_1;0.1;5 %;±50 ppm;50 W;Tray Pack (20 pcs. per bag);https://www.bourns.com/docs/product-mds/csm2f-7036-l050jx2_mds.pdf?sfvrsn=d175df6_3 https://www.bourns.com/docs/product-mds/csm2f-7036-l025jx2_mds.pdf?sfvrsn=75175df6_3 https://www.bourns.com/docs/product-mds/csm2f-7036-l100jx2_mds.pdf?sfvrsn=e2175df6_3 ;https://www.bourns.com/resources/design-tools/engineering-files-list?folder=CSM2F-7036-x2;https://bourns.componentsearchengine.com/entry_u_newDesign.php?mna=Bourns&mpn=CSM2F-7036&pna=Bourns&vrq=1&fmt=zip&o3=0&logo=&lang=en-US&epm=0;https://www.bourns.com/inventory-search-results?PARTS=CSM2F-7036;https://www.bourns.com/docs/product-datasheets/csm2f-7036-x2.pdf?sfvrsn=4d135df6_3;
CSM2F-7036-L100JT0;CSM2F-7036;Metal Strip - AEC-Q200;Fixed Resistors - Shunt;https://www.bourns.com/images/products/resistive-products/csm2f_7036_0_part.jpg?sfvrsn=97af49f6_2;0.1;5 %;±50 ppm;50 W;Tray Pack (30 pcs. per bag);https://www.bourns.com/docs/product-mds/csm2f-7036-l025j00_mds.pdf?sfvrsn=8b549f6_4 https://www.bourns.com/docs/product-mds/csm2f-7036-l050j00_mds.pdf?sfvrsn=55b549f6_4 https://www.bourns.com/docs/product-mds/csm2f-7036-l100j00_mds.pdf?sfvrsn=73b549f6_4 ;https://www.bourns.com/resources/design-tools/engineering-files-list?folder=CSM2F-7036-0;https://bourns.componentsearchengine.com/entry_u_newDesign.php?mna=Bourns&mpn=CSM2F-7036-0&pna=Bourns&vrq=1&fmt=zip&o3=0&logo=&lang=en-US&epm=0;https://www.bourns.com/inventory-search-results?PARTS=CSM2F-7036-0;https://www.bourns.com/docs/product-datasheets/csm2f-7036-0.pdf?sfvrsn=ab149f6_4;
CSM2F-7036-L100JT2;CSM2F-7036;Metal Strip - AEC-Q200;Fixed Resistors - Shunt;https://www.bourns.com/images/products/resistive-products/csm2f_7036_2_part.jpg?sfvrsn=bfaf49f6_2;0.1;5 %;±50 ppm;50 W;Tray Pack (30 pcs. per bag);https://www.bourns.com/docs/product-mds/csm2f-7036-l025j02_mds.pdf?sfvrsn=44b549f6_4 https://www.bourns.com/docs/product-mds/csm2f-7036-l050j02_mds.pdf?sfvrsn=37b549f6_4 https://www.bourns.com/docs/product-mds/csm2f-7036-l100j02_mds.pdf?sfvrsn=78b549f6_4 ;https://www.bourns.com/resources/design-tools/engineering-files-list?folder=CSM2F-7036-2;https://bourns.componentsearchengine.com/entry_u_newDesign.php?mna=Bourns&mpn=CSM2F-7036-2&pna=Bourns&vrq=1&fmt=zip&o3=0&logo=&lang=en-US&epm=0;https://www.bourns.com/inventory-search-results?PARTS=CSM2F-7036-2;https://www.bourns.com/docs/product-datasheets/csm2f-7036-2.pdf?sfvrsn=39b149f6_4;
CSM2F-8518-L050J00;CSM2F-8518;Metal Strip - AEC-Q200;Fixed Resistors - Shunt;https://www.bourns.com/images/products/resistive-products/csm2f_8518_0_part.jpg?sfvrsn=81af49f6_2;0.05;5 %;±50 ppm;36 W;Bulk Pack (50 pcs. per bag);https://www.bourns.com/docs/product-mds/csm2f-8518-l050j00_mds.pdf?sfvrsn=49b549f6_4 https://www.bourns.com/docs/product-mds/csm2f-8518-l100j00_mds.pdf?sfvrsn=5fb549f6_4 https://www.bourns.com/docs/product-mds/csm2f-8518-l200j00_mds.pdf?sfvrsn=7db549f6_4 ;https://www.bourns.com/resources/design-tools/engineering-files-list?folder=CSM2F-8518-0;https://bourns.componentsearchengine.com/entry_u_newDesign.php?mna=Bourns&mpn=CSM2F-8518-0&pna=Bourns&vrq=1&fmt=zip&o3=0&logo=&lang=en-US&epm=0;https://www.bourns.com/inventory-search-results?PARTS=CSM2F-8518-0;https://www.bourns.com/docs/product-datasheets/csm2f-8518-0.pdf?sfvrsn=57b149f6_4;
CSM2F-8518-L050J02;CSM2F-8518;Metal Strip - AEC-Q200;Fixed Resistors - Shunt;https://www.bourns.com/images/products/resistive-products/csm2f_8518_2_part.jpg?sfvrsn=6dae49f6_2;0.05;5 %;±50 ppm;36 W;Bulk Pack (50 pcs. per bag);https://www.bourns.com/docs/product-mds/csm2f-8518-l050j02_mds.pdf?sfvrsn=62b549f6_4 https://www.bourns.com/docs/product-mds/csm2f-8518-l100j02_mds.pdf?sfvrsn=6cb549f6_4 https://www.bourns.com/docs/product-mds/csm2f-8518-l200j02_mds.pdf?sfvrsn=96b249f6_4 ;https://www.bourns.com/resources/design-tools/engineering-files-list?folder=CSM2F-8518-2;https://bourns.componentsearchengine.com/entry_u_newDesign.php?mna=Bourns&mpn=CSM2F-8518-2&pna=Bourns&vrq=1&fmt=zip&o3=0&logo=&lang=en-US&epm=0;https://www.bourns.com/inventory-search-results?PARTS=CSM2F-8518-2;https://www.bourns.com/docs/product-datasheets/csm2f-8518-2.pdf?sfvrsn=2db149f6_4;
CSM2F-8518-L050J20;CSM2F-8518 with 2 or 3 sensing pins;Metal Strip - AEC-Q200;Fixed Resistors - Shunt;https://www.bourns.com/images/products/resistive-products/csm2f_8518_x0_part.jpg?sfvrsn=87135df6_1;0.05;5 %;±50 ppm;36 W;Tray Pack (24 pcs. per bag);https://www.bourns.com/docs/product-mds/csm2f-8518-l050jx0_mds.pdf?sfvrsn=e5175df6_3 https://www.bourns.com/docs/product-mds/csm2f-8518-l100jx0_mds.pdf?sfvrsn=bc175df6_3 https://www.bourns.com/docs/product-mds/csm2f-8518-l200jx0_mds.pdf?sfvrsn=70165df6_3 ;https://www.bourns.com/resources/design-tools/engineering-files-list?folder=CSM2F-8518-x0;https://bourns.componentsearchengine.com/entry_u_newDesign.php?mna=Bourns&mpn=CSM2F-8518&pna=Bourns&vrq=1&fmt=zip&o3=0&logo=&lang=en-US&epm=0;https://www.bourns.com/inventory-search-results?PARTS=CSM2F-8518;https://www.bourns.com/docs/product-datasheets/csm2f-8518-x0.pdf?sfvrsn=f2105df6_5;
CSM2F-8518-L050J21;CSM2F-8518 with 2 or 3 sensing pins;Metal Strip - AEC-Q200;Fixed Resistors - Shunt;https://www.bourns.com/images/products/resistive-products/csm2f_6918_x1_part.jpg?sfvrsn=ed125df6_1;0.05;5 %;±50 ppm;36 W;Tray Pack (24 pcs. per bag);https://www.bourns.com/docs/product-mds/csm2f-8518-l050jx1_mds.pdf?sfvrsn=c2175df6_3 ;https://www.bourns.com/resources/design-tools/engineering-files-list?folder=CSM2F-8518-x1;https://bourns.componentsearchengine.com/entry_u_newDesign.php?mna=Bourns&mpn=CSM2F-8518&pna=Bourns&vrq=1&fmt=zip&o3=0&logo=&lang=en-US&epm=0;https://www.bourns.com/inventory-search-results?PARTS=CSM2F-8518;https://www.bourns.com/docs/product-datasheets/csm2f-8518-x1.pdf?sfvrsn=b4105df6_5;
CSM2F-8518-L050J22;CSM2F-8518 with 2 or 3 sensing pins;Metal Strip - AEC-Q200;Fixed Resistors - Shunt;https://www.bourns.com/images/products/resistive-products/csm2f_8518_x2_part.jpg?sfvrsn=98125df6_1;0.05;5 %;±50 ppm;36 W;Tray Pack (24 pcs. per bag);https://www.bourns.com/docs/product-mds/csm2f-8518-l050jx2_mds.pdf?sfvrsn=a0175df6_3 https://www.bourns.com/docs/product-mds/csm2f-8518-l100jx2_mds.pdf?sfvrsn=60165df6_3 https://www.bourns.com/docs/product-mds/csm2f-8518-l200jx2_mds.pdf?sfvrsn=43165df6_3 ;https://www.bourns.com/resources/design-tools/engineering-files-list?folder=CSM2F-8518-x2;https://bourns.componentsearchengine.com/entry_u_newDesign.php?mna=Bourns&mpn=CSM2F-8518&pna=Bourns&vrq=1&fmt=zip&o3=0&logo=&lang=en-US&epm=0;https://www.bourns.com/inventory-search-results?PARTS=CSM2F-8518;https://www.bourns.com/docs/product-datasheets/csm2f-8518-x2.pdf?sfvrsn=9d105df6_5;
CSM2F-8518-L050J30;CSM2F-8518 with 2 or 3 sensing pins;Metal Strip - AEC-Q200;Fixed Resistors - Shunt;https://www.bourns.com/images/products/resistive-products/csm2f_8518_x0_part.jpg?sfvrsn=87135df6_1;0.05;5 %;±50 ppm;36 W;Tray Pack (24 pcs. per bag);https://www.bourns.com/docs/product-mds/csm2f-8518-l050jx0_mds.pdf?sfvrsn=e5175df6_3 https://www.bourns.com/docs/product-mds/csm2f-8518-l100jx0_mds.pdf?sfvrsn=bc175df6_3 https://www.bourns.com/docs/product-mds/csm2f-8518-l200jx0_mds.pdf?sfvrsn=70165df6_3 ;https://www.bourns.com/resources/design-tools/engineering-files-list?folder=CSM2F-8518-x0;https://bourns.componentsearchengine.com/entry_u_newDesign.php?mna=Bourns&mpn=CSM2F-8518&pna=Bourns&vrq=1&fmt=zip&o3=0&logo=&lang=en-US&epm=0;https://www.bourns.com/inventory-search-results?PARTS=CSM2F-8518;https://www.bourns.com/docs/product-datasheets/csm2f-8518-x0.pdf?sfvrsn=f2105df6_5;
CSM2F-8518-L050J31;CSM2F-8518 with 2 or 3 sensing pins;Metal Strip - AEC-Q200;Fixed Resistors - Shunt;https://www.bourns.com/images/products/resistive-products/csm2f_6918_x1_part.jpg?sfvrsn=ed125df6_1;0.05;5 %;±50 ppm;36 W;Tray Pack (24 pcs. per bag);https://www.bourns.com/docs/product-mds/csm2f-8518-l050jx1_mds.pdf?sfvrsn=c2175df6_3 ;https://www.bourns.com/resources/design-tools/engineering-files-list?folder=CSM2F-8518-x1;https://bourns.componentsearchengine.com/entry_u_newDesign.php?mna=Bourns&mpn=CSM2F-8518&pna=Bourns&vrq=1&fmt=zip&o3=0&logo=&lang=en-US&epm=0;https://www.bourns.com/inventory-search-results?PARTS=CSM2F-8518;https://www.bourns.com/docs/product-datasheets/csm2f-8518-x1.pdf?sfvrsn=b4105df6_5;
CSM2F-8518-L050J32;CSM2F-8518 with 2 or 3 sensing pins;Metal Strip - AEC-Q200;Fixed Resistors - Shunt;https://www.bourns.com/images/products/resistive-products/csm2f_8518_x2_part.jpg?sfvrsn=98125df6_1;0.05;5 %;±50 ppm;36 W;Tray Pack (24 pcs. per bag);https://www.bourns.com/docs/product-mds/csm2f-8518-l050jx2_mds.pdf?sfvrsn=a0175df6_3 https://www.bourns.com/docs/product-mds/csm2f-8518-l100jx2_mds.pdf?sfvrsn=60165df6_3 https://www.bourns.com/docs/product-mds/csm2f-8518-l200jx2_mds.pdf?sfvrsn=43165df6_3 ;https://www.bourns.com/resources/design-tools/engineering-files-list?folder=CSM2F-8518-x2;https://bourns.componentsearchengine.com/entry_u_newDesign.php?mna=Bourns&mpn=CSM2F-8518&pna=Bourns&vrq=1&fmt=zip&o3=0&logo=&lang=en-US&epm=0;https://www.bourns.com/inventory-search-results?PARTS=CSM2F-8518;https://www.bourns.com/docs/product-datasheets/csm2f-8518-x2.pdf?sfvrsn=9d105df6_5;
CSM2F-8518-L050JT0;CSM2F-8518;Metal Strip - AEC-Q200;Fixed Resistors - Shunt;https://www.bourns.com/images/products/resistive-products/csm2f_8518_0_part.jpg?sfvrsn=81af49f6_2;0.05;5 %;±50 ppm;36 W;Tray Pack (30 pcs. per bag);https://www.bourns.com/docs/product-mds/csm2f-8518-l050j00_mds.pdf?sfvrsn=49b549f6_4 https://www.bourns.com/docs/product-mds/csm2f-8518-l100j00_mds.pdf?sfvrsn=5fb549f6_4 https://www.bourns.com/docs/product-mds/csm2f-8518-l200j00_mds.pdf?sfvrsn=7db549f6_4 ;https://www.bourns.com/resources/design-tools/engineering-files-list?folder=CSM2F-8518-0;https://bourns.componentsearchengine.com/entry_u_newDesign.php?mna=Bourns&mpn=CSM2F-8518-0&pna=Bourns&vrq=1&fmt=zip&o3=0&logo=&lang=en-US&epm=0;https://www.bourns.com/inventory-search-results?PARTS=CSM2F-8518-0;https://www.bourns.com/docs/product-datasheets/csm2f-8518-0.pdf?sfvrsn=57b149f6_4;
CSM2F-8518-L050JT2;CSM2F-8518;Metal Strip - AEC-Q200;Fixed Resistors - Shunt;https://www.bourns.com/images/products/resistive-products/csm2f_8518_2_part.jpg?sfvrsn=6dae49f6_2;0.05;5 %;±50 ppm;36 W;Tray Pack (30 pcs. per bag);https://www.bourns.com/docs/product-mds/csm2f-8518-l050j02_mds.pdf?sfvrsn=62b549f6_4 https://www.bourns.com/docs/product-mds/csm2f-8518-l100j02_mds.pdf?sfvrsn=6cb549f6_4 https://www.bourns.com/docs/product-mds/csm2f-8518-l200j02_mds.pdf?sfvrsn=96b249f6_4 ;https://www.bourns.com/resources/design-tools/engineering-files-list?folder=CSM2F-8518-2;https://bourns.componentsearchengine.com/entry_u_newDesign.php?mna=Bourns&mpn=CSM2F-8518-2&pna=Bourns&vrq=1&fmt=zip&o3=0&logo=&lang=en-US&epm=0;https://www.bourns.com/inventory-search-results?PARTS=CSM2F-8518-2;https://www.bourns.com/docs/product-datasheets/csm2f-8518-2.pdf?sfvrsn=2db149f6_4;
CSM2F-8518-L100J00;CSM2F-8518;Metal Strip - AEC-Q200;Fixed Resistors - Shunt;https://www.bourns.com/images/products/resistive-products/csm2f_8518_0_part.jpg?sfvrsn=81af49f6_2;0.1;5 %;±50 ppm;36 W;Bulk Pack (50 pcs. per bag);https://www.bourns.com/docs/product-mds/csm2f-8518-l050j00_mds.pdf?sfvrsn=49b549f6_4 https://www.bourns.com/docs/product-mds/csm2f-8518-l100j00_mds.pdf?sfvrsn=5fb549f6_4 https://www.bourns.com/docs/product-mds/csm2f-8518-l200j00_mds.pdf?sfvrsn=7db549f6_4 ;https://www.bourns.com/resources/design-tools/engineering-files-list?folder=CSM2F-8518-0;https://bourns.componentsearchengine.com/entry_u_newDesign.php?mna=Bourns&mpn=CSM2F-8518-0&pna=Bourns&vrq=1&fmt=zip&o3=0&logo=&lang=en-US&epm=0;https://www.bourns.com/inventory-search-results?PARTS=CSM2F-8518-0;https://www.bourns.com/docs/product-datasheets/csm2f-8518-0.pdf?sfvrsn=57b149f6_4;
CSM2F-8518-L100J02;CSM2F-8518;Metal Strip - AEC-Q200;Fixed Resistors - Shunt;https://www.bourns.com/images/products/resistive-products/csm2f_8518_2_part.jpg?sfvrsn=6dae49f6_2;0.1;5 %;±50 ppm;36 W;Bulk Pack (50 pcs. per bag);https://www.bourns.com/docs/product-mds/csm2f-8518-l050j02_mds.pdf?sfvrsn=62b549f6_4 https://www.bourns.com/docs/product-mds/csm2f-8518-l100j02_mds.pdf?sfvrsn=6cb549f6_4 https://www.bourns.com/docs/product-mds/csm2f-8518-l200j02_mds.pdf?sfvrsn=96b249f6_4 ;https://www.bourns.com/resources/design-tools/engineering-files-list?folder=CSM2F-8518-2;https://bourns.componentsearchengine.com/entry_u_newDesign.php?mna=Bourns&mpn=CSM2F-8518-2&pna=Bourns&vrq=1&fmt=zip&o3=0&logo=&lang=en-US&epm=0;https://www.bourns.com/inventory-search-results?PARTS=CSM2F-8518-2;https://www.bourns.com/docs/product-datasheets/csm2f-8518-2.pdf?sfvrsn=2db149f6_4;
CSM2F-8518-L100J20;CSM2F-8518 with 2 or 3 sensing pins;Metal Strip - AEC-Q200;Fixed Resistors - Shunt;https://www.bourns.com/images/products/resistive-products/csm2f_8518_x0_part.jpg?sfvrsn=87135df6_1;0.1;5 %;±50 ppm;36 W;Tray Pack (24 pcs. per bag);https://www.bourns.com/docs/product-mds/csm2f-8518-l050jx0_mds.pdf?sfvrsn=e5175df6_3 https://www.bourns.com/docs/product-mds/csm2f-8518-l100jx0_mds.pdf?sfvrsn=bc175df6_3 https://www.bourns.com/docs/product-mds/csm2f-8518-l200jx0_mds.pdf?sfvrsn=70165df6_3 ;https://www.bourns.com/resources/design-tools/engineering-files-list?folder=CSM2F-8518-x0;https://bourns.componentsearchengine.com/entry_u_newDesign.php?mna=Bourns&mpn=CSM2F-8518&pna=Bourns&vrq=1&fmt=zip&o3=0&logo=&lang=en-US&epm=0;https://www.bourns.com/inventory-search-results?PARTS=CSM2F-8518;https://www.bourns.com/docs/product-datasheets/csm2f-8518-x0.pdf?sfvrsn=f2105df6_5;
CSM2F-8518-L100J21;CSM2F-8518 with 2 or 3 sensing pins;Metal Strip - AEC-Q200;Fixed Resistors - Shunt;https://www.bourns.com/images/products/resistive-products/csm2f_6918_x1_part.jpg?sfvrsn=ed125df6_1;0.1;5 %;±50 ppm;36 W;Tray Pack (24 pcs. per bag);https://www.bourns.com/docs/product-mds/csm2f-8518-l050jx1_mds.pdf?sfvrsn=c2175df6_3 ;https://www.bourns.com/resources/design-tools/engineering-files-list?folder=CSM2F-8518-x1;https://bourns.componentsearchengine.com/entry_u_newDesign.php?mna=Bourns&mpn=CSM2F-8518&pna=Bourns&vrq=1&fmt=zip&o3=0&logo=&lang=en-US&epm=0;https://www.bourns.com/inventory-search-results?PARTS=CSM2F-8518;https://www.bourns.com/docs/product-datasheets/csm2f-8518-x1.pdf?sfvrsn=b4105df6_5;
CSM2F-8518-L100J22;CSM2F-8518 with 2 or 3 sensing pins;Metal Strip - AEC-Q200;Fixed Resistors - Shunt;https://www.bourns.com/images/products/resistive-products/csm2f_8518_x2_part.jpg?sfvrsn=98125df6_1;0.1;5 %;±50 ppm;36 W;Tray Pack (24 pcs. per bag);https://www.bourns.com/docs/product-mds/csm2f-8518-l050jx2_mds.pdf?sfvrsn=a0175df6_3 https://www.bourns.com/docs/product-mds/csm2f-8518-l100jx2_mds.pdf?sfvrsn=60165df6_3 https://www.bourns.com/docs/product-mds/csm2f-8518-l200jx2_mds.pdf?sfvrsn=43165df6_3 ;https://www.bourns.com/resources/design-tools/engineering-files-list?folder=CSM2F-8518-x2;https://bourns.componentsearchengine.com/entry_u_newDesign.php?mna=Bourns&mpn=CSM2F-8518&pna=Bourns&vrq=1&fmt=zip&o3=0&logo=&lang=en-US&epm=0;https://www.bourns.com/inventory-search-results?PARTS=CSM2F-8518;https://www.bourns.com/docs/product-datasheets/csm2f-8518-x2.pdf?sfvrsn=9d105df6_5;
CSM2F-8518-L100J30;CSM2F-8518 with 2 or 3 sensing pins;Metal Strip - AEC-Q200;Fixed Resistors - Shunt;https://www.bourns.com/images/products/resistive-products/csm2f_8518_x0_part.jpg?sfvrsn=87135df6_1;0.1;5 %;±50 ppm;36 W;Tray Pack (24 pcs. per bag);https://www.bourns.com/docs/product-mds/csm2f-8518-l050jx0_mds.pdf?sfvrsn=e5175df6_3 https://www.bourns.com/docs/product-mds/csm2f-8518-l100jx0_mds.pdf?sfvrsn=bc175df6_3 https://www.bourns.com/docs/product-mds/csm2f-8518-l200jx0_mds.pdf?sfvrsn=70165df6_3 ;https://www.bourns.com/resources/design-tools/engineering-files-list?folder=CSM2F-8518-x0;https://bourns.componentsearchengine.com/entry_u_newDesign.php?mna=Bourns&mpn=CSM2F-8518&pna=Bourns&vrq=1&fmt=zip&o3=0&logo=&lang=en-US&epm=0;https://www.bourns.com/inventory-search-results?PARTS=CSM2F-8518;https://www.bourns.com/docs/product-datasheets/csm2f-8518-x0.pdf?sfvrsn=f2105df6_5;
CSM2F-8518-L100J31;CSM2F-8518 with 2 or 3 sensing pins;Metal Strip - AEC-Q200;Fixed Resistors - Shunt;https://www.bourns.com/images/products/resistive-products/csm2f_6918_x1_part.jpg?sfvrsn=ed125df6_1;0.1;5 %;±50 ppm;36 W;Tray Pack (24 pcs. per bag);https://www.bourns.com/docs/product-mds/csm2f-8518-l050jx1_mds.pdf?sfvrsn=c2175df6_3 ;https://www.bourns.com/resources/design-tools/engineering-files-list?folder=CSM2F-8518-x1;https://bourns.componentsearchengine.com/entry_u_newDesign.php?mna=Bourns&mpn=CSM2F-8518&pna=Bourns&vrq=1&fmt=zip&o3=0&logo=&lang=en-US&epm=0;https://www.bourns.com/inventory-search-results?PARTS=CSM2F-8518;https://www.bourns.com/docs/product-datasheets/csm2f-8518-x1.pdf?sfvrsn=b4105df6_5;
CSM2F-8518-L100J32;CSM2F-8518 with 2 or 3 sensing pins;Metal Strip - AEC-Q200;Fixed Resistors - Shunt;https://www.bourns.com/images/products/resistive-products/csm2f_8518_x2_part.jpg?sfvrsn=98125df6_1;0.1;5 %;±50 ppm;36 W;Tray Pack (24 pcs. per bag);https://www.bourns.com/docs/product-mds/csm2f-8518-l050jx2_mds.pdf?sfvrsn=a0175df6_3 https://www.bourns.com/docs/product-mds/csm2f-8518-l100jx2_mds.pdf?sfvrsn=60165df6_3 https://www.bourns.com/docs/product-mds/csm2f-8518-l200jx2_mds.pdf?sfvrsn=43165df6_3 ;https://www.bourns.com/resources/design-tools/engineering-files-list?folder=CSM2F-8518-x2;https://bourns.componentsearchengine.com/entry_u_newDesign.php?mna=Bourns&mpn=CSM2F-8518&pna=Bourns&vrq=1&fmt=zip&o3=0&logo=&lang=en-US&epm=0;https://www.bourns.com/inventory-search-results?PARTS=CSM2F-8518;https://www.bourns.com/docs/product-datasheets/csm2f-8518-x2.pdf?sfvrsn=9d105df6_5;
CSM2F-8518-L100JT0;CSM2F-8518;Metal Strip - AEC-Q200;Fixed Resistors - Shunt;https://www.bourns.com/images/products/resistive-products/csm2f_8518_0_part.jpg?sfvrsn=81af49f6_2;0.1;5 %;±50 ppm;36 W;Tray Pack (30 pcs. per bag);https://www.bourns.com/docs/product-mds/csm2f-8518-l050j00_mds.pdf?sfvrsn=49b549f6_4 https://www.bourns.com/docs/product-mds/csm2f-8518-l100j00_mds.pdf?sfvrsn=5fb549f6_4 https://www.bourns.com/docs/product-mds/csm2f-8518-l200j00_mds.pdf?sfvrsn=7db549f6_4 ;https://www.bourns.com/resources/design-tools/engineering-files-list?folder=CSM2F-8518-0;https://bourns.componentsearchengine.com/entry_u_newDesign.php?mna=Bourns&mpn=CSM2F-8518-0&pna=Bourns&vrq=1&fmt=zip&o3=0&logo=&lang=en-US&epm=0;https://www.bourns.com/inventory-search-results?PARTS=CSM2F-8518-0;https://www.bourns.com/docs/product-datasheets/csm2f-8518-0.pdf?sfvrsn=57b149f6_4;
CSM2F-8518-L100JT2;CSM2F-8518;Metal Strip - AEC-Q200;Fixed Resistors - Shunt;https://www.bourns.com/images/products/resistive-products/csm2f_8518_2_part.jpg?sfvrsn=6dae49f6_2;0.1;5 %;±50 ppm;36 W;Tray Pack (30 pcs. per bag);https://www.bourns.com/docs/product-mds/csm2f-8518-l050j02_mds.pdf?sfvrsn=62b549f6_4 https://www.bourns.com/docs/product-mds/csm2f-8518-l100j02_mds.pdf?sfvrsn=6cb549f6_4 https://www.bourns.com/docs/product-mds/csm2f-8518-l200j02_mds.pdf?sfvrsn=96b249f6_4 ;https://www.bourns.com/resources/design-tools/engineering-files-list?folder=CSM2F-8518-2;https://bourns.componentsearchengine.com/entry_u_newDesign.php?mna=Bourns&mpn=CSM2F-8518-2&pna=Bourns&vrq=1&fmt=zip&o3=0&logo=&lang=en-US&epm=0;https://www.bourns.com/inventory-search-results?PARTS=CSM2F-8518-2;https://www.bourns.com/docs/product-datasheets/csm2f-8518-2.pdf?sfvrsn=2db149f6_4;
CSM2F-8518-L200J00;CSM2F-8518;Metal Strip - AEC-Q200;Fixed Resistors - Shunt;https://www.bourns.com/images/products/resistive-products/csm2f_8518_0_part.jpg?sfvrsn=81af49f6_2;0.2;5 %;±50 ppm;36 W;Bulk Pack (50 pcs. per bag);https://www.bourns.com/docs/product-mds/csm2f-8518-l050j00_mds.pdf?sfvrsn=49b549f6_4 https://www.bourns.com/docs/product-mds/csm2f-8518-l100j00_mds.pdf?sfvrsn=5fb549f6_4 https://www.bourns.com/docs/product-mds/csm2f-8518-l200j00_mds.pdf?sfvrsn=7db549f6_4 ;https://www.bourns.com/resources/design-tools/engineering-files-list?folder=CSM2F-8518-0;https://bourns.componentsearchengine.com/entry_u_newDesign.php?mna=Bourns&mpn=CSM2F-8518-0&pna=Bourns&vrq=1&fmt=zip&o3=0&logo=&lang=en-US&epm=0;https://www.bourns.com/inventory-search-results?PARTS=CSM2F-8518-0;https://www.bourns.com/docs/product-datasheets/csm2f-8518-0.pdf?sfvrsn=57b149f6_4;
CSM2F-8518-L200J02;CSM2F-8518;Metal Strip - AEC-Q200;Fixed Resistors - Shunt;https://www.bourns.com/images/products/resistive-products/csm2f_8518_2_part.jpg?sfvrsn=6dae49f6_2;0.2;5 %;±50 ppm;36 W;Bulk Pack (50 pcs. per bag);https://www.bourns.com/docs/product-mds/csm2f-8518-l050j02_mds.pdf?sfvrsn=62b549f6_4 https://www.bourns.com/docs/product-mds/csm2f-8518-l100j02_mds.pdf?sfvrsn=6cb549f6_4 https://www.bourns.com/docs/product-mds/csm2f-8518-l200j02_mds.pdf?sfvrsn=96b249f6_4 ;https://www.bourns.com/resources/design-tools/engineering-files-list?folder=CSM2F-8518-2;https://bourns.componentsearchengine.com/entry_u_newDesign.php?mna=Bourns&mpn=CSM2F-8518-2&pna=Bourns&vrq=1&fmt=zip&o3=0&logo=&lang=en-US&epm=0;https://www.bourns.com/inventory-search-results?PARTS=CSM2F-8518-2;https://www.bourns.com/docs/product-datasheets/csm2f-8518-2.pdf?sfvrsn=2db149f6_4;
CSM2F-8518-L200J20;CSM2F-8518 with 2 or 3 sensing pins;Metal Strip - AEC-Q200;Fixed Resistors - Shunt;https://www.bourns.com/images/products/resistive-products/csm2f_8518_x0_part.jpg?sfvrsn=87135df6_1;0.2;5 %;±50 ppm;36 W;Tray Pack (24 pcs. per bag);https://www.bourns.com/docs/product-mds/csm2f-8518-l050jx0_mds.pdf?sfvrsn=e5175df6_3 https://www.bourns.com/docs/product-mds/csm2f-8518-l100jx0_mds.pdf?sfvrsn=bc175df6_3 https://www.bourns.com/docs/product-mds/csm2f-8518-l200jx0_mds.pdf?sfvrsn=70165df6_3 ;https://www.bourns.com/resources/design-tools/engineering-files-list?folder=CSM2F-8518-x0;https://bourns.componentsearchengine.com/entry_u_newDesign.php?mna=Bourns&mpn=CSM2F-8518&pna=Bourns&vrq=1&fmt=zip&o3=0&logo=&lang=en-US&epm=0;https://www.bourns.com/inventory-search-results?PARTS=CSM2F-8518;https://www.bourns.com/docs/product-datasheets/csm2f-8518-x0.pdf?sfvrsn=f2105df6_5;
CSM2F-8518-L200J22;CSM2F-8518 with 2 or 3 sensing pins;Metal Strip - AEC-Q200;Fixed Resistors - Shunt;https://www.bourns.com/images/products/resistive-products/csm2f_8518_x2_part.jpg?sfvrsn=98125df6_1;0.2;5 %;±50 ppm;36 W;Tray Pack (24 pcs. per bag);https://www.bourns.com/docs/product-mds/csm2f-8518-l050jx2_mds.pdf?sfvrsn=a0175df6_3 https://www.bourns.com/docs/product-mds/csm2f-8518-l100jx2_mds.pdf?sfvrsn=60165df6_3 https://www.bourns.com/docs/product-mds/csm2f-8518-l200jx2_mds.pdf?sfvrsn=43165df6_3 ;https://www.bourns.com/resources/design-tools/engineering-files-list?folder=CSM2F-8518-x2;https://bourns.componentsearchengine.com/entry_u_newDesign.php?mna=Bourns&mpn=CSM2F-8518&pna=Bourns&vrq=1&fmt=zip&o3=0&logo=&lang=en-US&epm=0;https://www.bourns.com/inventory-search-results?PARTS=CSM2F-8518;https://www.bourns.com/docs/product-datasheets/csm2f-8518-x2.pdf?sfvrsn=9d105df6_5;
CSM2F-8518-L200J30;CSM2F-8518 with 2 or 3 sensing pins;Metal Strip - AEC-Q200;Fixed Resistors - Shunt;https://www.bourns.com/images/products/resistive-products/csm2f_8518_x0_part.jpg?sfvrsn=87135df6_1;0.2;5 %;±50 ppm;36 W;Tray Pack (24 pcs. per bag);https://www.bourns.com/docs/product-mds/csm2f-8518-l050jx0_mds.pdf?sfvrsn=e5175df6_3 https://www.bourns.com/docs/product-mds/csm2f-8518-l100jx0_mds.pdf?sfvrsn=bc175df6_3 https://www.bourns.com/docs/product-mds/csm2f-8518-l200jx0_mds.pdf?sfvrsn=70165df6_3 ;https://www.bourns.com/resources/design-tools/engineering-files-list?folder=CSM2F-8518-x0;https://bourns.componentsearchengine.com/entry_u_newDesign.php?mna=Bourns&mpn=CSM2F-8518&pna=Bourns&vrq=1&fmt=zip&o3=0&logo=&lang=en-US&epm=0;https://www.bourns.com/inventory-search-results?PARTS=CSM2F-8518;https://www.bourns.com/docs/product-datasheets/csm2f-8518-x0.pdf?sfvrsn=f2105df6_5;
CSM2F-8518-L200J32;CSM2F-8518 with 2 or 3 sensing pins;Metal Strip - AEC-Q200;Fixed Resistors - Shunt;https://www.bourns.com/images/products/resistive-products/csm2f_8518_x2_part.jpg?sfvrsn=98125df6_1;0.2;5 %;±50 ppm;36 W;Tray Pack (24 pcs. per bag);https://www.bourns.com/docs/product-mds/csm2f-8518-l050jx2_mds.pdf?sfvrsn=a0175df6_3 https://www.bourns.com/docs/product-mds/csm2f-8518-l100jx2_mds.pdf?sfvrsn=60165df6_3 https://www.bourns.com/docs/product-mds/csm2f-8518-l200jx2_mds.pdf?sfvrsn=43165df6_3 ;https://www.bourns.com/resources/design-tools/engineering-files-list?folder=CSM2F-8518-x2;https://bourns.componentsearchengine.com/entry_u_newDesign.php?mna=Bourns&mpn=CSM2F-8518&pna=Bourns&vrq=1&fmt=zip&o3=0&logo=&lang=en-US&epm=0;https://www.bourns.com/inventory-search-results?PARTS=CSM2F-8518;https://www.bourns.com/docs/product-datasheets/csm2f-8518-x2.pdf?sfvrsn=9d105df6_5;
CSM2F-8518-L200JT0;CSM2F-8518;Metal Strip - AEC-Q200;Fixed Resistors - Shunt;https://www.bourns.com/images/products/resistive-products/csm2f_8518_0_part.jpg?sfvrsn=81af49f6_2;0.2;5 %;±50 ppm;36 W;Tray Pack (30 pcs. per bag);https://www.bourns.com/docs/product-mds/csm2f-8518-l050j00_mds.pdf?sfvrsn=49b549f6_4 https://www.bourns.com/docs/product-mds/csm2f-8518-l100j00_mds.pdf?sfvrsn=5fb549f6_4 https://www.bourns.com/docs/product-mds/csm2f-8518-l200j00_mds.pdf?sfvrsn=7db549f6_4 ;https://www.bourns.com/resources/design-tools/engineering-files-list?folder=CSM2F-8518-0;https://bourns.componentsearchengine.com/entry_u_newDesign.php?mna=Bourns&mpn=CSM2F-8518-0&pna=Bourns&vrq=1&fmt=zip&o3=0&logo=&lang=en-US&epm=0;https://www.bourns.com/inventory-search-results?PARTS=CSM2F-8518-0;https://www.bourns.com/docs/product-datasheets/csm2f-8518-0.pdf?sfvrsn=57b149f6_4;
CSM2F-8518-L200JT2;CSM2F-8518;Metal Strip - AEC-Q200;Fixed Resistors - Shunt;https://www.bourns.com/images/products/resistive-products/csm2f_8518_2_part.jpg?sfvrsn=6dae49f6_2;0.2;5 %;±50 ppm;36 W;Tray Pack (30 pcs. per bag);https://www.bourns.com/docs/product-mds/csm2f-8518-l050j02_mds.pdf?sfvrsn=62b549f6_4 https://www.bourns.com/docs/product-mds/csm2f-8518-l100j02_mds.pdf?sfvrsn=6cb549f6_4 https://www.bourns.com/docs/product-mds/csm2f-8518-l200j02_mds.pdf?sfvrsn=96b249f6_4 ;https://www.bourns.com/resources/design-tools/engineering-files-list?folder=CSM2F-8518-2;https://bourns.componentsearchengine.com/entry_u_newDesign.php?mna=Bourns&mpn=CSM2F-8518-2&pna=Bourns&vrq=1&fmt=zip&o3=0&logo=&lang=en-US&epm=0;https://www.bourns.com/inventory-search-results?PARTS=CSM2F-8518-2;https://www.bourns.com/docs/product-datasheets/csm2f-8518-2.pdf?sfvrsn=2db149f6_4;
CSM2F-8536-L025J00;CSM2F-8536;Metal Strip - AEC-Q200;Fixed Resistors - Shunt;https://www.bourns.com/images/products/resistive-products/csm2f_8536_0_part.jpg?sfvrsn=9caf49f6_2;0.025;5 %;±50 ppm;50 W;Bulk Pack (50 pcs. per bag);https://www.bourns.com/docs/product-mds/csm2f-8536-l025j00_mds.pdf?sfvrsn=2bb549f6_4 https://www.bourns.com/docs/product-mds/csm2f-8536-l050j00_mds.pdf?sfvrsn=9bb249f6_4 https://www.bourns.com/docs/product-mds/csm2f-8536-l100j00_mds.pdf?sfvrsn=85b249f6_4 ;https://www.bourns.com/resources/design-tools/engineering-files-list?folder=CSM2F-8536-0;https://bourns.componentsearchengine.com/entry_u_newDesign.php?mna=Bourns&mpn=CSM2F-8536-0&pna=Bourns&vrq=1&fmt=zip&o3=0&logo=&lang=en-US&epm=0;https://www.bourns.com/inventory-search-results?PARTS=CSM2F-8536-0;https://www.bourns.com/docs/product-datasheets/csm2f-8536-0.pdf?sfvrsn=28b149f6_6;
CSM2F-8536-L025J01;CSM2F-8536;Metal Strip - AEC-Q200;Fixed Resistors - Shunt;https://www.bourns.com/images/products/resistive-products/csm2f_8536_1_part.jpg?sfvrsn=b5af49f6_2;0.025;5 %;±50 ppm;50 W;Bulk Pack (50 pcs. per bag);https://www.bourns.com/docs/product-mds/csm2f-8536-l025j01_mds.pdf?sfvrsn=3cb549f6_4 https://www.bourns.com/docs/product-mds/csm2f-8536-l050j01_mds.pdf?sfvrsn=80b249f6_4 ;https://www.bourns.com/resources/design-tools/engineering-files-list?folder=CSM2F-8536-1;https://bourns.componentsearchengine.com/entry_u_newDesign.php?mna=Bourns&mpn=CSM2F-8536-1&pna=Bourns&vrq=1&fmt=zip&o3=0&logo=&lang=en-US&epm=0;https://www.bourns.com/inventory-search-results?PARTS=CSM2F-8536-1;https://www.bourns.com/docs/product-datasheets/csm2f-8536-1.pdf?sfvrsn=23b149f6_4;
CSM2F-8536-L025J02;CSM2F-8536;Metal Strip - AEC-Q200;Fixed Resistors - Shunt;https://www.bourns.com/images/products/resistive-products/csm2f_8536_2_part.jpg?sfvrsn=a4af49f6_2;0.025;5 %;±50 ppm;50 W;Bulk Pack (50 pcs. per bag);https://www.bourns.com/docs/product-mds/csm2f-8536-l025j02_mds.pdf?sfvrsn=67b549f6_4 https://www.bourns.com/docs/product-mds/csm2f-8536-l050j02_mds.pdf?sfvrsn=91b249f6_4 https://www.bourns.com/docs/product-mds/csm2f-8536-l100j02_mds.pdf?sfvrsn=4eb549f6_4 ;https://www.bourns.com/resources/design-tools/engineering-files-list?folder=CSM2F-8536-2;https://bourns.componentsearchengine.com/entry_u_newDesign.php?mna=Bourns&mpn=CSM2F-8536-2&pna=Bourns&vrq=1&fmt=zip&o3=0&logo=&lang=en-US&epm=0;https://www.bourns.com/inventory-search-results?PARTS=CSM2F-8536-2;https://www.bourns.com/docs/product-datasheets/csm2f-8536-2.pdf?sfvrsn=fb149f6_6;
CSM2F-8536-L025J20;CSM2F-8536 with 2 or 3 sensing pins;Metal Strip - AEC-Q200;Fixed Resistors - Shunt;https://www.bourns.com/images/products/resistive-products/csm2f_8536_x0_part.jpg?sfvrsn=8a135df6_1;0.025;5 %;±50 ppm;50 W;Tray Pack (16 pcs. per bag);https://www.bourns.com/docs/product-mds/csm2f-8536-l050jx0_mds.pdf?sfvrsn=f2165df6_3 https://www.bourns.com/docs/product-mds/csm2f-8536-l100jx0_mds.pdf?sfvrsn=c9165df6_3 https://www.bourns.com/docs/product-mds/csm2f-8536-l025jx0_mds.pdf?sfvrsn=58165df6_3 ;https://www.bourns.com/resources/design-tools/engineering-files-list?folder=CSM2F-8536-x0;https://bourns.componentsearchengine.com/entry_u_newDesign.php?mna=Bourns&mpn=CSM2F-8536&pna=Bourns&vrq=1&fmt=zip&o3=0&logo=&lang=en-US&epm=0;https://www.bourns.com/inventory-search-results?PARTS=CSM2F-8536;https://www.bourns.com/docs/product-datasheets/csm2f-8536-x0.pdf?sfvrsn=c9105df6_5;
CSM2F-8536-L025J21;CSM2F-8536 with 2 or 3 sensing pins;Metal Strip - AEC-Q200;Fixed Resistors - Shunt;https://www.bourns.com/images/products/resistive-products/csm2f_8536_x1_part.jpg?sfvrsn=89135df6_1;0.025;5 %;±50 ppm;50 W;Tray Pack (16 pcs. per bag);https://www.bourns.com/docs/product-mds/csm2f-8536-l025jx1_mds.pdf?sfvrsn=2a165df6_3 https://www.bourns.com/docs/product-mds/csm2f-8536-l050jx1_mds.pdf?sfvrsn=fe165df6_3 ;https://www.bourns.com/resources/design-tools/engineering-files-list?folder=CSM2F-8536-x1;https://bourns.componentsearchengine.com/entry_u_newDesign.php?mna=Bourns&mpn=CSM2F-8536&pna=Bourns&vrq=1&fmt=zip&o3=0&logo=&lang=en-US&epm=0;https://www.bourns.com/inventory-search-results?PARTS=CSM2F-8536;https://www.bourns.com/docs/product-datasheets/csm2f-8536-x1.pdf?sfvrsn=21105df6_3;
CSM2F-8536-L025J22;CSM2F-8536 with 2 or 3 sensing pins;Metal Strip - AEC-Q200;Fixed Resistors - Shunt;https://www.bourns.com/images/products/resistive-products/csm2f_8536_x2_part.jpg?sfvrsn=8b135df6_1;0.025;5 %;±50 ppm;50 W;Tray Pack (16 pcs. per bag);https://www.bourns.com/docs/product-mds/csm2f-8536-l025jx2_mds.pdf?sfvrsn=e0195df6_3 https://www.bourns.com/docs/product-mds/csm2f-8536-l050jx2_mds.pdf?sfvrsn=f5165df6_3 https://www.bourns.com/docs/product-mds/csm2f-8536-l100jx2_mds.pdf?sfvrsn=f3165df6_3 ;https://www.bourns.com/resources/design-tools/engineering-files-list?folder=CSM2F-8536-x2;https://bourns.componentsearchengine.com/entry_u_newDesign.php?mna=Bourns&mpn=CSM2F-8536&pna=Bourns&vrq=1&fmt=zip&o3=0&logo=&lang=en-US&epm=0;https://www.bourns.com/inventory-search-results?PARTS=CSM2F-8536;https://www.bourns.com/docs/product-datasheets/csm2f-8536-x2.pdf?sfvrsn=22105df6_3;
CSM2F-8536-L025J30;CSM2F-8536 with 2 or 3 sensing pins;Metal Strip - AEC-Q200;Fixed Resistors - Shunt;https://www.bourns.com/images/products/resistive-products/csm2f_8536_x0_part.jpg?sfvrsn=8a135df6_1;0.025;5 %;±50 ppm;50 W;Tray Pack (16 pcs. per bag);https://www.bourns.com/docs/product-mds/csm2f-8536-l050jx0_mds.pdf?sfvrsn=f2165df6_3 https://www.bourns.com/docs/product-mds/csm2f-8536-l100jx0_mds.pdf?sfvrsn=c9165df6_3 https://www.bourns.com/docs/product-mds/csm2f-8536-l025jx0_mds.pdf?sfvrsn=58165df6_3 ;https://www.bourns.com/resources/design-tools/engineering-files-list?folder=CSM2F-8536-x0;https://bourns.componentsearchengine.com/entry_u_newDesign.php?mna=Bourns&mpn=CSM2F-8536&pna=Bourns&vrq=1&fmt=zip&o3=0&logo=&lang=en-US&epm=0;https://www.bourns.com/inventory-search-results?PARTS=CSM2F-8536;https://www.bourns.com/docs/product-datasheets/csm2f-8536-x0.pdf?sfvrsn=c9105df6_5;
CSM2F-8536-L025J31;CSM2F-8536 with 2 or 3 sensing pins;Metal Strip - AEC-Q200;Fixed Resistors - Shunt;https://www.bourns.com/images/products/resistive-products/csm2f_8536_x1_part.jpg?sfvrsn=89135df6_1;0.025;5 %;±50 ppm;50 W;Tray Pack (16 pcs. per bag);https://www.bourns.com/docs/product-mds/csm2f-8536-l025jx1_mds.pdf?sfvrsn=2a165df6_3 https://www.bourns.com/docs/product-mds/csm2f-8536-l050jx1_mds.pdf?sfvrsn=fe165df6_3 ;https://www.bourns.com/resources/design-tools/engineering-files-list?folder=CSM2F-8536-x1;https://bourns.componentsearchengine.com/entry_u_newDesign.php?mna=Bourns&mpn=CSM2F-8536&pna=Bourns&vrq=1&fmt=zip&o3=0&logo=&lang=en-US&epm=0;https://www.bourns.com/inventory-search-results?PARTS=CSM2F-8536;https://www.bourns.com/docs/product-datasheets/csm2f-8536-x1.pdf?sfvrsn=21105df6_3;
CSM2F-8536-L025J32;CSM2F-8536 with 2 or 3 sensing pins;Metal Strip - AEC-Q200;Fixed Resistors - Shunt;https://www.bourns.com/images/products/resistive-products/csm2f_8536_x2_part.jpg?sfvrsn=8b135df6_1;0.025;5 %;±50 ppm;50 W;Tray Pack (16 pcs. per bag);https://www.bourns.com/docs/product-mds/csm2f-8536-l025jx2_mds.pdf?sfvrsn=e0195df6_3 https://www.bourns.com/docs/product-mds/csm2f-8536-l050jx2_mds.pdf?sfvrsn=f5165df6_3 https://www.bourns.com/docs/product-mds/csm2f-8536-l100jx2_mds.pdf?sfvrsn=f3165df6_3 ;https://www.bourns.com/resources/design-tools/engineering-files-list?folder=CSM2F-8536-x2;https://bourns.componentsearchengine.com/entry_u_newDesign.php?mna=Bourns&mpn=CSM2F-8536&pna=Bourns&vrq=1&fmt=zip&o3=0&logo=&lang=en-US&epm=0;https://www.bourns.com/inventory-search-results?PARTS=CSM2F-8536;https://www.bourns.com/docs/product-datasheets/csm2f-8536-x2.pdf?sfvrsn=22105df6_3;
CSM2F-8536-L025JT0;CSM2F-8536;Metal Strip - AEC-Q200;Fixed Resistors - Shunt;https://www.bourns.com/images/products/resistive-products/csm2f_8536_0_part.jpg?sfvrsn=9caf49f6_2;0.025;5 %;±50 ppm;50 W;Tray Pack (15 pcs. per bag);https://www.bourns.com/docs/product-mds/csm2f-8536-l025j00_mds.pdf?sfvrsn=2bb549f6_4 https://www.bourns.com/docs/product-mds/csm2f-8536-l050j00_mds.pdf?sfvrsn=9bb249f6_4 https://www.bourns.com/docs/product-mds/csm2f-8536-l100j00_mds.pdf?sfvrsn=85b249f6_4 ;https://www.bourns.com/resources/design-tools/engineering-files-list?folder=CSM2F-8536-0;https://bourns.componentsearchengine.com/entry_u_newDesign.php?mna=Bourns&mpn=CSM2F-8536-0&pna=Bourns&vrq=1&fmt=zip&o3=0&logo=&lang=en-US&epm=0;https://www.bourns.com/inventory-search-results?PARTS=CSM2F-8536-0;https://www.bourns.com/docs/product-datasheets/csm2f-8536-0.pdf?sfvrsn=28b149f6_6;
CSM2F-8536-L025JT1;CSM2F-8536;Metal Strip - AEC-Q200;Fixed Resistors - Shunt;https://www.bourns.com/images/products/resistive-products/csm2f_8536_1_part.jpg?sfvrsn=b5af49f6_2;0.025;5 %;±50 ppm;50 W;Tray Pack (15 pcs. per bag);https://www.bourns.com/docs/product-mds/csm2f-8536-l025j01_mds.pdf?sfvrsn=3cb549f6_4 https://www.bourns.com/docs/product-mds/csm2f-8536-l050j01_mds.pdf?sfvrsn=80b249f6_4 ;https://www.bourns.com/resources/design-tools/engineering-files-list?folder=CSM2F-8536-1;https://bourns.componentsearchengine.com/entry_u_newDesign.php?mna=Bourns&mpn=CSM2F-8536-1&pna=Bourns&vrq=1&fmt=zip&o3=0&logo=&lang=en-US&epm=0;https://www.bourns.com/inventory-search-results?PARTS=CSM2F-8536-1;https://www.bourns.com/docs/product-datasheets/csm2f-8536-1.pdf?sfvrsn=23b149f6_4;
CSM2F-8536-L025JT2;CSM2F-8536;Metal Strip - AEC-Q200;Fixed Resistors - Shunt;https://www.bourns.com/images/products/resistive-products/csm2f_8536_2_part.jpg?sfvrsn=a4af49f6_2;0.025;5 %;±50 ppm;50 W;Tray Pack (15 pcs. per bag);https://www.bourns.com/docs/product-mds/csm2f-8536-l025j02_mds.pdf?sfvrsn=67b549f6_4 https://www.bourns.com/docs/product-mds/csm2f-8536-l050j02_mds.pdf?sfvrsn=91b249f6_4 https://www.bourns.com/docs/product-mds/csm2f-8536-l100j02_mds.pdf?sfvrsn=4eb549f6_4 ;https://www.bourns.com/resources/design-tools/engineering-files-list?folder=CSM2F-8536-2;https://bourns.componentsearchengine.com/entry_u_newDesign.php?mna=Bourns&mpn=CSM2F-8536-2&pna=Bourns&vrq=1&fmt=zip&o3=0&logo=&lang=en-US&epm=0;https://www.bourns.com/inventory-search-results?PARTS=CSM2F-8536-2;https://www.bourns.com/docs/product-datasheets/csm2f-8536-2.pdf?sfvrsn=fb149f6_6;
CSM2F-8536-L050J00;CSM2F-8536;Metal Strip - AEC-Q200;Fixed Resistors - Shunt;https://www.bourns.com/images/products/resistive-products/csm2f_8536_0_part.jpg?sfvrsn=9caf49f6_2;0.05;5 %;±50 ppm;50 W;Bulk Pack (50 pcs. per bag);https://www.bourns.com/docs/product-mds/csm2f-8536-l025j00_mds.pdf?sfvrsn=2bb549f6_4 https://www.bourns.com/docs/product-mds/csm2f-8536-l050j00_mds.pdf?sfvrsn=9bb249f6_4 https://www.bourns.com/docs/product-mds/csm2f-8536-l100j00_mds.pdf?sfvrsn=85b249f6_4 ;https://www.bourns.com/resources/design-tools/engineering-files-list?folder=CSM2F-8536-0;https://bourns.componentsearchengine.com/entry_u_newDesign.php?mna=Bourns&mpn=CSM2F-8536-0&pna=Bourns&vrq=1&fmt=zip&o3=0&logo=&lang=en-US&epm=0;https://www.bourns.com/inventory-search-results?PARTS=CSM2F-8536-0;https://www.bourns.com/docs/product-datasheets/csm2f-8536-0.pdf?sfvrsn=28b149f6_6;
CSM2F-8536-L050J01;CSM2F-8536;Metal Strip - AEC-Q200;Fixed Resistors - Shunt;https://www.bourns.com/images/products/resistive-products/csm2f_8536_1_part.jpg?sfvrsn=b5af49f6_2;0.05;5 %;±50 ppm;50 W;Bulk Pack (50 pcs. per bag);https://www.bourns.com/docs/product-mds/csm2f-8536-l025j01_mds.pdf?sfvrsn=3cb549f6_4 https://www.bourns.com/docs/product-mds/csm2f-8536-l050j01_mds.pdf?sfvrsn=80b249f6_4 ;https://www.bourns.com/resources/design-tools/engineering-files-list?folder=CSM2F-8536-1;https://bourns.componentsearchengine.com/entry_u_newDesign.php?mna=Bourns&mpn=CSM2F-8536-1&pna=Bourns&vrq=1&fmt=zip&o3=0&logo=&lang=en-US&epm=0;https://www.bourns.com/inventory-search-results?PARTS=CSM2F-8536-1;https://www.bourns.com/docs/product-datasheets/csm2f-8536-1.pdf?sfvrsn=23b149f6_4;
CSM2F-8536-L050J02;CSM2F-8536;Metal Strip - AEC-Q200;Fixed Resistors - Shunt;https://www.bourns.com/images/products/resistive-products/csm2f_8536_2_part.jpg?sfvrsn=a4af49f6_2;0.05;5 %;±50 ppm;50 W;Bulk Pack (50 pcs. per bag);https://www.bourns.com/docs/product-mds/csm2f-8536-l025j02_mds.pdf?sfvrsn=67b549f6_4 https://www.bourns.com/docs/product-mds/csm2f-8536-l050j02_mds.pdf?sfvrsn=91b249f6_4 https://www.bourns.com/docs/product-mds/csm2f-8536-l100j02_mds.pdf?sfvrsn=4eb549f6_4 ;https://www.bourns.com/resources/design-tools/engineering-files-list?folder=CSM2F-8536-2;https://bourns.componentsearchengine.com/entry_u_newDesign.php?mna=Bourns&mpn=CSM2F-8536-2&pna=Bourns&vrq=1&fmt=zip&o3=0&logo=&lang=en-US&epm=0;https://www.bourns.com/inventory-search-results?PARTS=CSM2F-8536-2;https://www.bourns.com/docs/product-datasheets/csm2f-8536-2.pdf?sfvrsn=fb149f6_6;
CSM2F-8536-L050J20;CSM2F-8536 with 2 or 3 sensing pins;Metal Strip - AEC-Q200;Fixed Resistors - Shunt;https://www.bourns.com/images/products/resistive-products/csm2f_8536_x0_part.jpg?sfvrsn=8a135df6_1;0.05;5 %;±50 ppm;50 W;Tray Pack (16 pcs. per bag);https://www.bourns.com/docs/product-mds/csm2f-8536-l050jx0_mds.pdf?sfvrsn=f2165df6_3 https://www.bourns.com/docs/product-mds/csm2f-8536-l100jx0_mds.pdf?sfvrsn=c9165df6_3 https://www.bourns.com/docs/product-mds/csm2f-8536-l025jx0_mds.pdf?sfvrsn=58165df6_3 ;https://www.bourns.com/resources/design-tools/engineering-files-list?folder=CSM2F-8536-x0;https://bourns.componentsearchengine.com/entry_u_newDesign.php?mna=Bourns&mpn=CSM2F-8536&pna=Bourns&vrq=1&fmt=zip&o3=0&logo=&lang=en-US&epm=0;https://www.bourns.com/inventory-search-results?PARTS=CSM2F-8536;https://www.bourns.com/docs/product-datasheets/csm2f-8536-x0.pdf?sfvrsn=c9105df6_5;
CSM2F-8536-L050J21;CSM2F-8536 with 2 or 3 sensing pins;Metal Strip - AEC-Q200;Fixed Resistors - Shunt;https://www.bourns.com/images/products/resistive-products/csm2f_8536_x1_part.jpg?sfvrsn=89135df6_1;0.05;5 %;±50 ppm;50 W;Tray Pack (16 pcs. per bag);https://www.bourns.com/docs/product-mds/csm2f-8536-l025jx1_mds.pdf?sfvrsn=2a165df6_3 https://www.bourns.com/docs/product-mds/csm2f-8536-l050jx1_mds.pdf?sfvrsn=fe165df6_3 ;https://www.bourns.com/resources/design-tools/engineering-files-list?folder=CSM2F-8536-x1;https://bourns.componentsearchengine.com/entry_u_newDesign.php?mna=Bourns&mpn=CSM2F-8536&pna=Bourns&vrq=1&fmt=zip&o3=0&logo=&lang=en-US&epm=0;https://www.bourns.com/inventory-search-results?PARTS=CSM2F-8536;https://www.bourns.com/docs/product-datasheets/csm2f-8536-x1.pdf?sfvrsn=21105df6_3;
CSM2F-8536-L050J22;CSM2F-8536 with 2 or 3 sensing pins;Metal Strip - AEC-Q200;Fixed Resistors - Shunt;https://www.bourns.com/images/products/resistive-products/csm2f_8536_x2_part.jpg?sfvrsn=8b135df6_1;0.05;5 %;±50 ppm;50 W;Tray Pack (16 pcs. per bag);https://www.bourns.com/docs/product-mds/csm2f-8536-l025jx2_mds.pdf?sfvrsn=e0195df6_3 https://www.bourns.com/docs/product-mds/csm2f-8536-l050jx2_mds.pdf?sfvrsn=f5165df6_3 https://www.bourns.com/docs/product-mds/csm2f-8536-l100jx2_mds.pdf?sfvrsn=f3165df6_3 ;https://www.bourns.com/resources/design-tools/engineering-files-list?folder=CSM2F-8536-x2;https://bourns.componentsearchengine.com/entry_u_newDesign.php?mna=Bourns&mpn=CSM2F-8536&pna=Bourns&vrq=1&fmt=zip&o3=0&logo=&lang=en-US&epm=0;https://www.bourns.com/inventory-search-results?PARTS=CSM2F-8536;https://www.bourns.com/docs/product-datasheets/csm2f-8536-x2.pdf?sfvrsn=22105df6_3;
CSM2F-8536-L050J30;CSM2F-8536 with 2 or 3 sensing pins;Metal Strip - AEC-Q200;Fixed Resistors - Shunt;https://www.bourns.com/images/products/resistive-products/csm2f_8536_x0_part.jpg?sfvrsn=8a135df6_1;0.05;5 %;±50 ppm;50 W;Tray Pack (16 pcs. per bag);https://www.bourns.com/docs/product-mds/csm2f-8536-l050jx0_mds.pdf?sfvrsn=f2165df6_3 https://www.bourns.com/docs/product-mds/csm2f-8536-l100jx0_mds.pdf?sfvrsn=c9165df6_3 https://www.bourns.com/docs/product-mds/csm2f-8536-l025jx0_mds.pdf?sfvrsn=58165df6_3 ;https://www.bourns.com/resources/design-tools/engineering-files-list?folder=CSM2F-8536-x0;https://bourns.componentsearchengine.com/entry_u_newDesign.php?mna=Bourns&mpn=CSM2F-8536&pna=Bourns&vrq=1&fmt=zip&o3=0&logo=&lang=en-US&epm=0;https://www.bourns.com/inventory-search-results?PARTS=CSM2F-8536;https://www.bourns.com/docs/product-datasheets/csm2f-8536-x0.pdf?sfvrsn=c9105df6_5;
CSM2F-8536-L050J31;CSM2F-8536 with 2 or 3 sensing pins;Metal Strip - AEC-Q200;Fixed Resistors - Shunt;https://www.bourns.com/images/products/resistive-products/csm2f_8536_x1_part.jpg?sfvrsn=89135df6_1;0.05;5 %;±50 ppm;50 W;Tray Pack (16 pcs. per bag);https://www.bourns.com/docs/product-mds/csm2f-8536-l025jx1_mds.pdf?sfvrsn=2a165df6_3 https://www.bourns.com/docs/product-mds/csm2f-8536-l050jx1_mds.pdf?sfvrsn=fe165df6_3 ;https://www.bourns.com/resources/design-tools/engineering-files-list?folder=CSM2F-8536-x1;https://bourns.componentsearchengine.com/entry_u_newDesign.php?mna=Bourns&mpn=CSM2F-8536&pna=Bourns&vrq=1&fmt=zip&o3=0&logo=&lang=en-US&epm=0;https://www.bourns.com/inventory-search-results?PARTS=CSM2F-8536;https://www.bourns.com/docs/product-datasheets/csm2f-8536-x1.pdf?sfvrsn=21105df6_3;
CSM2F-8536-L050J32;CSM2F-8536 with 2 or 3 sensing pins;Metal Strip - AEC-Q200;Fixed Resistors - Shunt;https://www.bourns.com/images/products/resistive-products/csm2f_8536_x2_part.jpg?sfvrsn=8b135df6_1;0.05;5 %;±50 ppm;50 W;Tray Pack (16 pcs. per bag);https://www.bourns.com/docs/product-mds/csm2f-8536-l025jx2_mds.pdf?sfvrsn=e0195df6_3 https://www.bourns.com/docs/product-mds/csm2f-8536-l050jx2_mds.pdf?sfvrsn=f5165df6_3 https://www.bourns.com/docs/product-mds/csm2f-8536-l100jx2_mds.pdf?sfvrsn=f3165df6_3 ;https://www.bourns.com/resources/design-tools/engineering-files-list?folder=CSM2F-8536-x2;https://bourns.componentsearchengine.com/entry_u_newDesign.php?mna=Bourns&mpn=CSM2F-8536&pna=Bourns&vrq=1&fmt=zip&o3=0&logo=&lang=en-US&epm=0;https://www.bourns.com/inventory-search-results?PARTS=CSM2F-8536;https://www.bourns.com/docs/product-datasheets/csm2f-8536-x2.pdf?sfvrsn=22105df6_3;
CSM2F-8536-L050JT0;CSM2F-8536;Metal Strip - AEC-Q200;Fixed Resistors - Shunt;https://www.bourns.com/images/products/resistive-products/csm2f_8536_0_part.jpg?sfvrsn=9caf49f6_2;0.05;5 %;±50 ppm;50 W;Tray Pack (15 pcs. per bag);https://www.bourns.com/docs/product-mds/csm2f-8536-l025j00_mds.pdf?sfvrsn=2bb549f6_4 https://www.bourns.com/docs/product-mds/csm2f-8536-l050j00_mds.pdf?sfvrsn=9bb249f6_4 https://www.bourns.com/docs/product-mds/csm2f-8536-l100j00_mds.pdf?sfvrsn=85b249f6_4 ;https://www.bourns.com/resources/design-tools/engineering-files-list?folder=CSM2F-8536-0;https://bourns.componentsearchengine.com/entry_u_newDesign.php?mna=Bourns&mpn=CSM2F-8536-0&pna=Bourns&vrq=1&fmt=zip&o3=0&logo=&lang=en-US&epm=0;https://www.bourns.com/inventory-search-results?PARTS=CSM2F-8536-0;https://www.bourns.com/docs/product-datasheets/csm2f-8536-0.pdf?sfvrsn=28b149f6_6;
CSM2F-8536-L050JT1;CSM2F-8536;Metal Strip - AEC-Q200;Fixed Resistors - Shunt;https://www.bourns.com/images/products/resistive-products/csm2f_8536_1_part.jpg?sfvrsn=b5af49f6_2;0.05;5 %;±50 ppm;50 W;Tray Pack (15 pcs. per bag);https://www.bourns.com/docs/product-mds/csm2f-8536-l025j01_mds.pdf?sfvrsn=3cb549f6_4 https://www.bourns.com/docs/product-mds/csm2f-8536-l050j01_mds.pdf?sfvrsn=80b249f6_4 ;https://www.bourns.com/resources/design-tools/engineering-files-list?folder=CSM2F-8536-1;https://bourns.componentsearchengine.com/entry_u_newDesign.php?mna=Bourns&mpn=CSM2F-8536-1&pna=Bourns&vrq=1&fmt=zip&o3=0&logo=&lang=en-US&epm=0;https://www.bourns.com/inventory-search-results?PARTS=CSM2F-8536-1;https://www.bourns.com/docs/product-datasheets/csm2f-8536-1.pdf?sfvrsn=23b149f6_4;
CSM2F-8536-L050JT2;CSM2F-8536;Metal Strip - AEC-Q200;Fixed Resistors - Shunt;https://www.bourns.com/images/products/resistive-products/csm2f_8536_2_part.jpg?sfvrsn=a4af49f6_2;0.05;5 %;±50 ppm;50 W;Tray Pack (15 pcs. per bag);https://www.bourns.com/docs/product-mds/csm2f-8536-l025j02_mds.pdf?sfvrsn=67b549f6_4 https://www.bourns.com/docs/product-mds/csm2f-8536-l050j02_mds.pdf?sfvrsn=91b249f6_4 https://www.bourns.com/docs/product-mds/csm2f-8536-l100j02_mds.pdf?sfvrsn=4eb549f6_4 ;https://www.bourns.com/resources/design-tools/engineering-files-list?folder=CSM2F-8536-2;https://bourns.componentsearchengine.com/entry_u_newDesign.php?mna=Bourns&mpn=CSM2F-8536-2&pna=Bourns&vrq=1&fmt=zip&o3=0&logo=&lang=en-US&epm=0;https://www.bourns.com/inventory-search-results?PARTS=CSM2F-8536-2;https://www.bourns.com/docs/product-datasheets/csm2f-8536-2.pdf?sfvrsn=fb149f6_6;
CSM2F-8536-L100J00;CSM2F-8536;Metal Strip - AEC-Q200;Fixed Resistors - Shunt;https://www.bourns.com/images/products/resistive-products/csm2f_8536_0_part.jpg?sfvrsn=9caf49f6_2;0.1;5 %;±50 ppm;50 W;Bulk Pack (50 pcs. per bag);https://www.bourns.com/docs/product-mds/csm2f-8536-l025j00_mds.pdf?sfvrsn=2bb549f6_4 https://www.bourns.com/docs/product-mds/csm2f-8536-l050j00_mds.pdf?sfvrsn=9bb249f6_4 https://www.bourns.com/docs/product-mds/csm2f-8536-l100j00_mds.pdf?sfvrsn=85b249f6_4 ;https://www.bourns.com/resources/design-tools/engineering-files-list?folder=CSM2F-8536-0;https://bourns.componentsearchengine.com/entry_u_newDesign.php?mna=Bourns&mpn=CSM2F-8536-0&pna=Bourns&vrq=1&fmt=zip&o3=0&logo=&lang=en-US&epm=0;https://www.bourns.com/inventory-search-results?PARTS=CSM2F-8536-0;https://www.bourns.com/docs/product-datasheets/csm2f-8536-0.pdf?sfvrsn=28b149f6_6;
CSM2F-8536-L100J02;CSM2F-8536;Metal Strip - AEC-Q200;Fixed Resistors - Shunt;https://www.bourns.com/images/products/resistive-products/csm2f_8536_2_part.jpg?sfvrsn=a4af49f6_2;0.1;5 %;±50 ppm;50 W;Bulk Pack (50 pcs. per bag);https://www.bourns.com/docs/product-mds/csm2f-8536-l025j02_mds.pdf?sfvrsn=67b549f6_4 https://www.bourns.com/docs/product-mds/csm2f-8536-l050j02_mds.pdf?sfvrsn=91b249f6_4 https://www.bourns.com/docs/product-mds/csm2f-8536-l100j02_mds.pdf?sfvrsn=4eb549f6_4 ;https://www.bourns.com/resources/design-tools/engineering-files-list?folder=CSM2F-8536-2;https://bourns.componentsearchengine.com/entry_u_newDesign.php?mna=Bourns&mpn=CSM2F-8536-2&pna=Bourns&vrq=1&fmt=zip&o3=0&logo=&lang=en-US&epm=0;https://www.bourns.com/inventory-search-results?PARTS=CSM2F-8536-2;https://www.bourns.com/docs/product-datasheets/csm2f-8536-2.pdf?sfvrsn=fb149f6_6;
CSM2F-8536-L100J20;CSM2F-8536 with 2 or 3 sensing pins;Metal Strip - AEC-Q200;Fixed Resistors - Shunt;https://www.bourns.com/images/products/resistive-products/csm2f_8536_x0_part.jpg?sfvrsn=8a135df6_1;0.1;5 %;±50 ppm;50 W;Tray Pack (16 pcs. per bag);https://www.bourns.com/docs/product-mds/csm2f-8536-l050jx0_mds.pdf?sfvrsn=f2165df6_3 https://www.bourns.com/docs/product-mds/csm2f-8536-l100jx0_mds.pdf?sfvrsn=c9165df6_3 https://www.bourns.com/docs/product-mds/csm2f-8536-l025jx0_mds.pdf?sfvrsn=58165df6_3 ;https://www.bourns.com/resources/design-tools/engineering-files-list?folder=CSM2F-8536-x0;https://bourns.componentsearchengine.com/entry_u_newDesign.php?mna=Bourns&mpn=CSM2F-8536&pna=Bourns&vrq=1&fmt=zip&o3=0&logo=&lang=en-US&epm=0;https://www.bourns.com/inventory-search-results?PARTS=CSM2F-8536;https://www.bourns.com/docs/product-datasheets/csm2f-8536-x0.pdf?sfvrsn=c9105df6_5;
CSM2F-8536-L100J22;CSM2F-8536 with 2 or 3 sensing pins;Metal Strip - AEC-Q200;Fixed Resistors - Shunt;https://www.bourns.com/images/products/resistive-products/csm2f_8536_x2_part.jpg?sfvrsn=8b135df6_1;0.1;5 %;±50 ppm;50 W;Tray Pack (16 pcs. per bag);https://www.bourns.com/docs/product-mds/csm2f-8536-l025jx2_mds.pdf?sfvrsn=e0195df6_3 https://www.bourns.com/docs/product-mds/csm2f-8536-l050jx2_mds.pdf?sfvrsn=f5165df6_3 https://www.bourns.com/docs/product-mds/csm2f-8536-l100jx2_mds.pdf?sfvrsn=f3165df6_3 ;https://www.bourns.com/resources/design-tools/engineering-files-list?folder=CSM2F-8536-x2;https://bourns.componentsearchengine.com/entry_u_newDesign.php?mna=Bourns&mpn=CSM2F-8536&pna=Bourns&vrq=1&fmt=zip&o3=0&logo=&lang=en-US&epm=0;https://www.bourns.com/inventory-search-results?PARTS=CSM2F-8536;https://www.bourns.com/docs/product-datasheets/csm2f-8536-x2.pdf?sfvrsn=22105df6_3;
CSM2F-8536-L100J30;CSM2F-8536 with 2 or 3 sensing pins;Metal Strip - AEC-Q200;Fixed Resistors - Shunt;https://www.bourns.com/images/products/resistive-products/csm2f_8536_x0_part.jpg?sfvrsn=8a135df6_1;0.1;5 %;±50 ppm;50 W;Tray Pack (16 pcs. per bag);https://www.bourns.com/docs/product-mds/csm2f-8536-l050jx0_mds.pdf?sfvrsn=f2165df6_3 https://www.bourns.com/docs/product-mds/csm2f-8536-l100jx0_mds.pdf?sfvrsn=c9165df6_3 https://www.bourns.com/docs/product-mds/csm2f-8536-l025jx0_mds.pdf?sfvrsn=58165df6_3 ;https://www.bourns.com/resources/design-tools/engineering-files-list?folder=CSM2F-8536-x0;https://bourns.componentsearchengine.com/entry_u_newDesign.php?mna=Bourns&mpn=CSM2F-8536&pna=Bourns&vrq=1&fmt=zip&o3=0&logo=&lang=en-US&epm=0;https://www.bourns.com/inventory-search-results?PARTS=CSM2F-8536;https://www.bourns.com/docs/product-datasheets/csm2f-8536-x0.pdf?sfvrsn=c9105df6_5;
CSM2F-8536-L100J32;CSM2F-8536 with 2 or 3 sensing pins;Metal Strip - AEC-Q200;Fixed Resistors - Shunt;https://www.bourns.com/images/products/resistive-products/csm2f_8536_x2_part.jpg?sfvrsn=8b135df6_1;0.1;5 %;±50 ppm;50 W;Tray Pack (16 pcs. per bag);https://www.bourns.com/docs/product-mds/csm2f-8536-l025jx2_mds.pdf?sfvrsn=e0195df6_3 https://www.bourns.com/docs/product-mds/csm2f-8536-l050jx2_mds.pdf?sfvrsn=f5165df6_3 https://www.bourns.com/docs/product-mds/csm2f-8536-l100jx2_mds.pdf?sfvrsn=f3165df6_3 ;https://www.bourns.com/resources/design-tools/engineering-files-list?folder=CSM2F-8536-x2;https://bourns.componentsearchengine.com/entry_u_newDesign.php?mna=Bourns&mpn=CSM2F-8536&pna=Bourns&vrq=1&fmt=zip&o3=0&logo=&lang=en-US&epm=0;https://www.bourns.com/inventory-search-results?PARTS=CSM2F-8536;https://www.bourns.com/docs/product-datasheets/csm2f-8536-x2.pdf?sfvrsn=22105df6_3;
CSM2F-8536-L100JT0;CSM2F-8536;Metal Strip - AEC-Q200;Fixed Resistors - Shunt;https://www.bourns.com/images/products/resistive-products/csm2f_8536_0_part.jpg?sfvrsn=9caf49f6_2;0.1;5 %;±50 ppm;50 W;Tray Pack (15 pcs. per bag);https://www.bourns.com/docs/product-mds/csm2f-8536-l025j00_mds.pdf?sfvrsn=2bb549f6_4 https://www.bourns.com/docs/product-mds/csm2f-8536-l050j00_mds.pdf?sfvrsn=9bb249f6_4 https://www.bourns.com/docs/product-mds/csm2f-8536-l100j00_mds.pdf?sfvrsn=85b249f6_4 ;https://www.bourns.com/resources/design-tools/engineering-files-list?folder=CSM2F-8536-0;https://bourns.componentsearchengine.com/entry_u_newDesign.php?mna=Bourns&mpn=CSM2F-8536-0&pna=Bourns&vrq=1&fmt=zip&o3=0&logo=&lang=en-US&epm=0;https://www.bourns.com/inventory-search-results?PARTS=CSM2F-8536-0;https://www.bourns.com/docs/product-datasheets/csm2f-8536-0.pdf?sfvrsn=28b149f6_6;
CSM2F-8536-L100JT2;CSM2F-8536;Metal Strip - AEC-Q200;Fixed Resistors - Shunt;https://www.bourns.com/images/products/resistive-products/csm2f_8536_2_part.jpg?sfvrsn=a4af49f6_2;0.1;5 %;±50 ppm;50 W;Tray Pack (15 pcs. per bag);https://www.bourns.com/docs/product-mds/csm2f-8536-l025j02_mds.pdf?sfvrsn=67b549f6_4 https://www.bourns.com/docs/product-mds/csm2f-8536-l050j02_mds.pdf?sfvrsn=91b249f6_4 https://www.bourns.com/docs/product-mds/csm2f-8536-l100j02_mds.pdf?sfvrsn=4eb549f6_4 ;https://www.bourns.com/resources/design-tools/engineering-files-list?folder=CSM2F-8536-2;https://bourns.componentsearchengine.com/entry_u_newDesign.php?mna=Bourns&mpn=CSM2F-8536-2&pna=Bourns&vrq=1&fmt=zip&o3=0&logo=&lang=en-US&epm=0;https://www.bourns.com/inventory-search-results?PARTS=CSM2F-8536-2;https://www.bourns.com/docs/product-datasheets/csm2f-8536-2.pdf?sfvrsn=fb149f6_6;
